repo,tag,last_update
nvidia/cuda,10.0-base,2021-07-02 07:17:24
nvidia/cuda,10.0-base-centos6,2019-12-11 23:10:04
nvidia/cuda,10.0-base-centos7,2022-05-28 22:16:05
nvidia/cuda,10.0-base-ubi7,2022-05-28 21:56:31
nvidia/cuda,10.0-base-ubuntu14.04,2019-08-27 01:07:15
nvidia/cuda,10.0-base-ubuntu16.04,2022-04-03 19:43:00
nvidia/cuda,10.0-base-ubuntu18.04,2022-05-28 22:06:01
nvidia/cuda,10.0-cudnn7-devel,2021-07-02 07:16:59
nvidia/cuda,10.0-cudnn7-devel-centos6,2019-12-11 23:09:35
nvidia/cuda,10.0-cudnn7-devel-centos7,2022-05-28 22:14:50
nvidia/cuda,10.0-cudnn7-devel-ubi7,2022-05-28 21:55:15
nvidia/cuda,10.0-cudnn7-devel-ubuntu14.04,2019-08-27 01:06:43
nvidia/cuda,10.0-cudnn7-devel-ubuntu16.04,2022-04-03 19:42:18
nvidia/cuda,10.0-cudnn7-devel-ubuntu18.04,2022-05-28 22:04:47
nvidia/cuda,10.0-cudnn7-runtime,2021-07-02 07:16:44
nvidia/cuda,10.0-cudnn7-runtime-centos6,2019-12-11 23:09:59
nvidia/cuda,10.0-cudnn7-runtime-centos7,2022-05-28 22:15:53
nvidia/cuda,10.0-cudnn7-runtime-ubi7,2022-05-28 21:56:17
nvidia/cuda,10.0-cudnn7-runtime-ubuntu14.04,2019-08-27 01:07:10
nvidia/cuda,10.0-cudnn7-runtime-ubuntu16.04,2022-04-03 19:42:50
nvidia/cuda,10.0-cudnn7-runtime-ubuntu18.04,2022-05-28 22:05:47
nvidia/cuda,10.0-devel,2021-07-02 07:18:16
nvidia/cuda,10.0-devel-centos6,2019-12-11 23:10:02
nvidia/cuda,10.0-devel-centos7,2022-05-28 22:16:34
nvidia/cuda,10.0-devel-ubi7,2022-05-28 21:56:59
nvidia/cuda,10.0-devel-ubuntu14.04,2019-08-27 01:07:11
nvidia/cuda,10.0-devel-ubuntu16.04,2022-04-03 19:43:17
nvidia/cuda,10.0-devel-ubuntu18.04,2022-05-28 22:06:32
nvidia/cuda,10.0-runtime,2021-07-02 07:17:32
nvidia/cuda,10.0-runtime-centos6,2019-12-11 23:10:04
nvidia/cuda,10.0-runtime-centos7,2022-05-28 22:16:20
nvidia/cuda,10.0-runtime-ubi7,2022-05-28 21:56:44
nvidia/cuda,10.0-runtime-ubuntu14.04,2019-08-27 01:07:13
nvidia/cuda,10.0-runtime-ubuntu16.04,2022-04-03 19:43:08
nvidia/cuda,10.0-runtime-ubuntu18.04,2022-05-28 22:06:16
nvidia/cuda,10.1-base,2021-07-02 23:59:21
nvidia/cuda,10.1-base-centos6,2019-12-05 23:37:58
nvidia/cuda,10.1-base-centos7,2022-05-28 22:03:32
nvidia/cuda,10.1-base-centos8,2022-01-06 22:21:00
nvidia/cuda,10.1-base-rockylinux8,2022-05-28 22:12:46
nvidia/cuda,10.1-base-ubi7,2022-05-28 21:59:58
nvidia/cuda,10.1-base-ubi8,2022-05-28 21:52:22
nvidia/cuda,10.1-base-ubuntu14.04,2019-08-27 01:08:03
nvidia/cuda,10.1-base-ubuntu16.04,2022-04-03 19:35:17
nvidia/cuda,10.1-base-ubuntu18.04,2022-05-28 22:01:37
nvidia/cuda,10.1-cudnn7-devel,2021-07-02 23:59:00
nvidia/cuda,10.1-cudnn7-devel-centos6,2019-12-05 23:35:45
nvidia/cuda,10.1-cudnn7-devel-centos7,2022-05-28 21:59:20
nvidia/cuda,10.1-cudnn7-devel-centos8,2022-01-06 22:20:48
nvidia/cuda,10.1-cudnn7-devel-rockylinux8,2022-05-28 22:12:32
nvidia/cuda,10.1-cudnn7-devel-ubi7,2022-05-28 21:57:50
nvidia/cuda,10.1-cudnn7-devel-ubi8,2022-05-28 21:52:15
nvidia/cuda,10.1-cudnn7-devel-ubuntu14.04,2019-08-27 01:07:31
nvidia/cuda,10.1-cudnn7-devel-ubuntu16.04,2022-04-03 19:35:08
nvidia/cuda,10.1-cudnn7-devel-ubuntu18.04,2022-05-28 21:58:55
nvidia/cuda,10.1-cudnn7-runtime,2021-07-02 23:58:54
nvidia/cuda,10.1-cudnn7-runtime-centos6,2019-12-05 23:37:53
nvidia/cuda,10.1-cudnn7-runtime-centos7,2022-05-28 22:01:48
nvidia/cuda,10.1-cudnn7-runtime-centos8,2022-01-06 22:20:53
nvidia/cuda,10.1-cudnn7-runtime-rockylinux8,2022-05-28 22:12:39
nvidia/cuda,10.1-cudnn7-runtime-ubi7,2022-05-28 21:59:12
nvidia/cuda,10.1-cudnn7-runtime-ubi8,2022-05-28 21:52:19
nvidia/cuda,10.1-cudnn7-runtime-ubuntu14.04,2019-08-27 01:07:57
nvidia/cuda,10.1-cudnn7-runtime-ubuntu16.04,2022-04-03 19:35:13
nvidia/cuda,10.1-cudnn7-runtime-ubuntu18.04,2022-05-28 22:00:17
nvidia/cuda,10.1-cudnn8-devel,2021-07-02 23:59:12
nvidia/cuda,10.1-cudnn8-devel-centos7,2022-05-28 21:56:02
nvidia/cuda,10.1-cudnn8-devel-centos8,2020-10-04 07:14:56
nvidia/cuda,10.1-cudnn8-devel-ubi7,2022-05-28 21:54:18
nvidia/cuda,10.1-cudnn8-devel-ubi8,2020-10-04 07:18:51
nvidia/cuda,10.1-cudnn8-devel-ubuntu16.04,2022-04-03 19:34:59
nvidia/cuda,10.1-cudnn8-devel-ubuntu18.04,2022-05-28 21:55:02
nvidia/cuda,10.1-cudnn8-runtime,2021-07-02 23:59:06
nvidia/cuda,10.1-cudnn8-runtime-centos7,2022-05-28 21:57:32
nvidia/cuda,10.1-cudnn8-runtime-centos8,2020-10-04 07:15:05
nvidia/cuda,10.1-cudnn8-runtime-ubi7,2022-05-28 21:56:25
nvidia/cuda,10.1-cudnn8-runtime-ubi8,2020-10-04 07:19:25
nvidia/cuda,10.1-cudnn8-runtime-ubuntu16.04,2022-04-03 19:35:03
nvidia/cuda,10.1-cudnn8-runtime-ubuntu18.04,2022-05-28 21:56:55
nvidia/cuda,10.1-devel,2021-07-02 23:59:40
nvidia/cuda,10.1-devel-centos6,2019-12-05 23:37:55
nvidia/cuda,10.1-devel-centos7,2022-05-28 22:03:59
nvidia/cuda,10.1-devel-centos8,2022-01-06 22:21:30
nvidia/cuda,10.1-devel-rockylinux8,2022-05-28 22:13:01
nvidia/cuda,10.1-devel-ubi7,2022-05-28 22:00:46
nvidia/cuda,10.1-devel-ubi8,2022-05-28 21:52:32
nvidia/cuda,10.1-devel-ubuntu14.04,2019-08-27 01:07:59
nvidia/cuda,10.1-devel-ubuntu16.04,2022-04-03 19:35:28
nvidia/cuda,10.1-devel-ubuntu18.04,2022-05-28 22:02:33
nvidia/cuda,10.1-runtime,2021-07-02 23:59:30
nvidia/cuda,10.1-runtime-centos6,2019-12-05 23:37:58
nvidia/cuda,10.1-runtime-centos7,2022-05-28 22:03:45
nvidia/cuda,10.1-runtime-centos8,2022-01-06 22:21:15
nvidia/cuda,10.1-runtime-rockylinux8,2022-05-28 22:12:53
nvidia/cuda,10.1-runtime-ubi7,2022-05-28 22:00:22
nvidia/cuda,10.1-runtime-ubi8,2022-05-28 21:52:26
nvidia/cuda,10.1-runtime-ubuntu14.04,2019-08-27 01:08:01
nvidia/cuda,10.1-runtime-ubuntu16.04,2022-04-03 19:35:23
nvidia/cuda,10.1-runtime-ubuntu18.04,2022-05-28 22:02:07
nvidia/cuda,10.2-base,2021-07-08 21:03:09
nvidia/cuda,10.2-base-centos6,2019-12-05 23:37:55
nvidia/cuda,10.2-base-centos7,2022-12-17 08:27:26
nvidia/cuda,10.2-base-centos8,2022-01-06 22:22:09
nvidia/cuda,10.2-base-rockylinux8,2022-12-17 08:28:39
nvidia/cuda,10.2-base-ubi7,2022-12-17 08:30:19
nvidia/cuda,10.2-base-ubi8,2022-12-17 08:31:10
nvidia/cuda,10.2-base-ubuntu16.04,2022-05-22 22:12:33
nvidia/cuda,10.2-base-ubuntu18.04,2022-12-17 08:23:48
nvidia/cuda,10.2-cudnn7-devel,2021-07-08 21:02:49
nvidia/cuda,10.2-cudnn7-devel-centos6,2019-12-05 23:35:22
nvidia/cuda,10.2-cudnn7-devel-centos7,2022-04-03 17:56:54
nvidia/cuda,10.2-cudnn7-devel-centos8,2022-01-06 22:21:28
nvidia/cuda,10.2-cudnn7-devel-ubi7,2022-04-03 18:56:50
nvidia/cuda,10.2-cudnn7-devel-ubi8,2022-04-30 01:09:29
nvidia/cuda,10.2-cudnn7-devel-ubuntu16.04,2022-04-03 17:55:56
nvidia/cuda,10.2-cudnn7-devel-ubuntu18.04,2022-04-03 17:56:31
nvidia/cuda,10.2-cudnn7-runtime,2021-07-08 21:02:44
nvidia/cuda,10.2-cudnn7-runtime-centos6,2019-12-05 23:37:27
nvidia/cuda,10.2-cudnn7-runtime-centos7,2022-04-03 17:57:29
nvidia/cuda,10.2-cudnn7-runtime-centos8,2022-01-06 22:21:43
nvidia/cuda,10.2-cudnn7-runtime-ubi7,2022-04-03 18:57:57
nvidia/cuda,10.2-cudnn7-runtime-ubi8,2022-04-30 01:10:21
nvidia/cuda,10.2-cudnn7-runtime-ubuntu16.04,2022-04-03 17:56:00
nvidia/cuda,10.2-cudnn7-runtime-ubuntu18.04,2022-04-03 17:56:43
nvidia/cuda,10.2-cudnn8-devel,2021-07-08 21:03:01
nvidia/cuda,10.2-cudnn8-devel-centos7,2022-12-17 08:26:40
nvidia/cuda,10.2-cudnn8-devel-centos8,2022-01-06 22:20:12
nvidia/cuda,10.2-cudnn8-devel-rockylinux8,2022-12-17 08:27:08
nvidia/cuda,10.2-cudnn8-devel-ubi7,2022-12-17 08:29:09
nvidia/cuda,10.2-cudnn8-devel-ubi8,2022-12-17 08:29:45
nvidia/cuda,10.2-cudnn8-devel-ubuntu16.04,2022-05-22 22:12:18
nvidia/cuda,10.2-cudnn8-devel-ubuntu18.04,2022-12-17 08:23:14
nvidia/cuda,10.2-cudnn8-runtime,2021-07-08 21:02:55
nvidia/cuda,10.2-cudnn8-runtime-centos7,2022-12-17 08:27:05
nvidia/cuda,10.2-cudnn8-runtime-centos8,2022-01-06 22:20:22
nvidia/cuda,10.2-cudnn8-runtime-rockylinux8,2022-12-17 08:27:37
nvidia/cuda,10.2-cudnn8-runtime-ubi7,2022-12-17 08:29:41
nvidia/cuda,10.2-cudnn8-runtime-ubi8,2022-12-17 08:30:30
nvidia/cuda,10.2-cudnn8-runtime-ubuntu16.04,2022-05-22 22:12:26
nvidia/cuda,10.2-cudnn8-runtime-ubuntu18.04,2022-12-17 08:23:37
nvidia/cuda,10.2-devel,2021-07-08 21:03:26
nvidia/cuda,10.2-devel-centos6,2019-12-05 23:37:31
nvidia/cuda,10.2-devel-centos7,2022-12-17 08:28:10
nvidia/cuda,10.2-devel-centos8,2022-01-06 22:22:27
nvidia/cuda,10.2-devel-rockylinux8,2022-12-17 08:29:45
nvidia/cuda,10.2-devel-ubi7,2022-12-17 08:30:55
nvidia/cuda,10.2-devel-ubi8,2022-12-17 08:31:57
nvidia/cuda,10.2-devel-ubuntu16.04,2022-05-22 22:12:47
nvidia/cuda,10.2-devel-ubuntu18.04,2022-12-17 08:24:25
nvidia/cuda,10.2-runtime,2021-07-08 21:03:17
nvidia/cuda,10.2-runtime-centos6,2019-12-05 23:37:54
nvidia/cuda,10.2-runtime-centos7,2022-12-17 08:27:51
nvidia/cuda,10.2-runtime-centos8,2022-01-06 22:22:16
nvidia/cuda,10.2-runtime-rockylinux8,2022-12-17 08:29:14
nvidia/cuda,10.2-runtime-ubi7,2022-12-17 08:30:39
nvidia/cuda,10.2-runtime-ubi8,2022-12-17 08:31:40
nvidia/cuda,10.2-runtime-ubuntu16.04,2022-05-22 22:12:40
nvidia/cuda,10.2-runtime-ubuntu18.04,2022-12-17 08:24:00
nvidia/cuda,11.0.3-base,2021-07-08 20:18:09
nvidia/cuda,11.0.3-base-centos7,2022-07-20 17:29:52
nvidia/cuda,11.0.3-base-centos8,2022-01-07 00:40:47
nvidia/cuda,11.0.3-base-rockylinux8,2022-05-28 06:31:05
nvidia/cuda,11.0.3-base-ubi7,2022-07-20 00:41:27
nvidia/cuda,11.0.3-base-ubi8,2022-05-28 06:36:48
nvidia/cuda,11.0.3-base-ubuntu16.04,2022-05-28 06:32:39
nvidia/cuda,11.0.3-base-ubuntu18.04,2022-07-20 17:45:27
nvidia/cuda,11.0.3-base-ubuntu20.04,2022-07-20 00:45:12
nvidia/cuda,11.0.3-cudnn8-devel,2021-07-08 20:17:37
nvidia/cuda,11.0.3-cudnn8-devel-centos7,2022-07-20 17:28:53
nvidia/cuda,11.0.3-cudnn8-devel-centos8,2022-01-07 00:39:47
nvidia/cuda,11.0.3-cudnn8-devel-rockylinux8,2022-05-28 06:30:22
nvidia/cuda,11.0.3-cudnn8-devel-ubi7,2022-07-20 00:40:21
nvidia/cuda,11.0.3-cudnn8-devel-ubi8,2022-05-28 06:35:21
nvidia/cuda,11.0.3-cudnn8-devel-ubuntu16.04,2022-05-28 06:32:17
nvidia/cuda,11.0.3-cudnn8-devel-ubuntu18.04,2022-07-20 17:43:08
nvidia/cuda,11.0.3-cudnn8-devel-ubuntu20.04,2022-07-20 00:44:13
nvidia/cuda,11.0.3-cudnn8-runtime,2021-07-08 20:17:08
nvidia/cuda,11.0.3-cudnn8-runtime-centos7,2022-07-20 17:29:47
nvidia/cuda,11.0.3-cudnn8-runtime-centos8,2022-01-07 00:40:10
nvidia/cuda,11.0.3-cudnn8-runtime-rockylinux8,2022-05-28 06:30:43
nvidia/cuda,11.0.3-cudnn8-runtime-ubi7,2022-07-20 00:41:18
nvidia/cuda,11.0.3-cudnn8-runtime-ubi8,2022-05-28 06:36:04
nvidia/cuda,11.0.3-cudnn8-runtime-ubuntu16.04,2022-05-28 06:32:31
nvidia/cuda,11.0.3-cudnn8-runtime-ubuntu18.04,2022-07-20 17:45:01
nvidia/cuda,11.0.3-cudnn8-runtime-ubuntu20.04,2022-07-20 00:45:05
nvidia/cuda,11.0.3-devel,2021-07-08 20:19:28
nvidia/cuda,11.0.3-devel-centos7,2022-07-20 17:30:10
nvidia/cuda,11.0.3-devel-centos8,2022-01-07 00:42:19
nvidia/cuda,11.0.3-devel-rockylinux8,2022-05-28 06:31:28
nvidia/cuda,11.0.3-devel-ubi7,2022-07-20 00:41:44
nvidia/cuda,11.0.3-devel-ubi8,2022-05-28 06:37:38
nvidia/cuda,11.0.3-devel-ubuntu16.04,2022-05-28 06:32:53
nvidia/cuda,11.0.3-devel-ubuntu18.04,2022-07-20 17:49:01
nvidia/cuda,11.0.3-devel-ubuntu20.04,2022-07-20 00:45:27
nvidia/cuda,11.0.3-runtime,2021-07-08 20:18:54
nvidia/cuda,11.0.3-runtime-centos7,2022-07-20 17:30:02
nvidia/cuda,11.0.3-runtime-centos8,2022-01-07 00:42:02
nvidia/cuda,11.0.3-runtime-rockylinux8,2022-05-28 06:31:16
nvidia/cuda,11.0.3-runtime-ubi7,2022-07-20 00:41:35
nvidia/cuda,11.0.3-runtime-ubi8,2022-05-28 06:37:05
nvidia/cuda,11.0.3-runtime-ubuntu16.04,2022-05-28 06:32:45
nvidia/cuda,11.0.3-runtime-ubuntu18.04,2022-07-20 17:47:04
nvidia/cuda,11.0.3-runtime-ubuntu20.04,2022-07-20 00:45:20
nvidia/cuda,11.1.1-base,2021-06-07 18:46:53
nvidia/cuda,11.1.1-base-centos7,2022-10-28 05:57:36
nvidia/cuda,11.1.1-base-centos8,2022-01-07 00:46:30
nvidia/cuda,11.1.1-base-rockylinux8,2022-10-28 07:12:51
nvidia/cuda,11.1.1-base-ubi7,2022-10-28 07:12:24
nvidia/cuda,11.1.1-base-ubi8,2022-10-28 07:16:59
nvidia/cuda,11.1.1-base-ubuntu16.04,2022-05-28 05:37:16
nvidia/cuda,11.1.1-base-ubuntu18.04,2022-10-28 21:28:23
nvidia/cuda,11.1.1-base-ubuntu20.04,2022-10-28 02:29:38
nvidia/cuda,11.1.1-cudnn8-devel,2021-06-07 18:46:49
nvidia/cuda,11.1.1-cudnn8-devel-centos7,2022-10-28 05:56:06
nvidia/cuda,11.1.1-cudnn8-devel-centos8,2022-01-07 00:45:55
nvidia/cuda,11.1.1-cudnn8-devel-rockylinux8,2022-10-28 07:08:57
nvidia/cuda,11.1.1-cudnn8-devel-ubi7,2022-10-28 07:09:45
nvidia/cuda,11.1.1-cudnn8-devel-ubi8,2022-10-28 07:12:46
nvidia/cuda,11.1.1-cudnn8-devel-ubuntu16.04,2022-05-28 05:35:55
nvidia/cuda,11.1.1-cudnn8-devel-ubuntu18.04,2022-10-28 21:24:22
nvidia/cuda,11.1.1-cudnn8-devel-ubuntu20.04,2022-10-28 02:28:21
nvidia/cuda,11.1.1-cudnn8-runtime,2021-06-07 18:46:44
nvidia/cuda,11.1.1-cudnn8-runtime-centos7,2022-10-28 05:57:29
nvidia/cuda,11.1.1-cudnn8-runtime-centos8,2022-01-07 00:46:09
nvidia/cuda,11.1.1-cudnn8-runtime-rockylinux8,2022-10-28 07:12:32
nvidia/cuda,11.1.1-cudnn8-runtime-ubi7,2022-10-28 07:11:25
nvidia/cuda,11.1.1-cudnn8-runtime-ubi8,2022-10-28 07:16:37
nvidia/cuda,11.1.1-cudnn8-runtime-ubuntu16.04,2022-05-28 05:37:07
nvidia/cuda,11.1.1-cudnn8-runtime-ubuntu18.04,2022-10-28 21:28:03
nvidia/cuda,11.1.1-cudnn8-runtime-ubuntu20.04,2022-10-28 02:29:30
nvidia/cuda,11.1.1-devel,2021-06-07 18:47:04
nvidia/cuda,11.1.1-devel-centos7,2022-10-28 05:57:57
nvidia/cuda,11.1.1-devel-centos8,2022-01-07 00:46:53
nvidia/cuda,11.1.1-devel-rockylinux8,2022-10-28 07:14:43
nvidia/cuda,11.1.1-devel-ubi7,2022-10-28 07:12:53
nvidia/cuda,11.1.1-devel-ubi8,2022-10-28 07:17:43
nvidia/cuda,11.1.1-devel-ubuntu16.04,2022-05-28 05:37:40
nvidia/cuda,11.1.1-devel-ubuntu18.04,2022-10-28 21:29:09
nvidia/cuda,11.1.1-devel-ubuntu20.04,2022-10-28 02:29:58
nvidia/cuda,11.1.1-runtime,2021-06-07 18:46:58
nvidia/cuda,11.1.1-runtime-centos7,2022-10-28 05:57:45
nvidia/cuda,11.1.1-runtime-centos8,2022-01-07 00:46:42
nvidia/cuda,11.1.1-runtime-rockylinux8,2022-10-28 07:14:09
nvidia/cuda,11.1.1-runtime-ubi7,2022-10-28 07:12:36
nvidia/cuda,11.1.1-runtime-ubi8,2022-10-28 07:17:21
nvidia/cuda,11.1.1-runtime-ubuntu16.04,2022-05-28 05:37:29
nvidia/cuda,11.1.1-runtime-ubuntu18.04,2022-10-28 21:28:45
nvidia/cuda,11.1.1-runtime-ubuntu20.04,2022-10-28 02:29:47
nvidia/cuda,11.2.0-base,2021-07-02 05:44:08
nvidia/cuda,11.2.0-base-centos7,2022-10-28 06:49:37
nvidia/cuda,11.2.0-base-centos8,2022-01-07 00:54:27
nvidia/cuda,11.2.0-base-rockylinux8,2022-10-28 22:05:33
nvidia/cuda,11.2.0-base-ubi7,2022-10-28 22:03:04
nvidia/cuda,11.2.0-base-ubi8,2022-10-28 07:04:38
nvidia/cuda,11.2.0-base-ubuntu16.04,2022-05-22 20:43:46
nvidia/cuda,11.2.0-base-ubuntu18.04,2022-10-28 21:52:28
nvidia/cuda,11.2.0-base-ubuntu20.04,2022-10-28 05:22:39
nvidia/cuda,11.2.0-cudnn8-devel,2021-07-02 05:43:55
nvidia/cuda,11.2.0-cudnn8-devel-centos7,2022-10-28 06:49:21
nvidia/cuda,11.2.0-cudnn8-devel-centos8,2022-01-07 00:53:48
nvidia/cuda,11.2.0-cudnn8-devel-rockylinux8,2022-10-28 22:03:03
nvidia/cuda,11.2.0-cudnn8-devel-ubi7,2022-10-28 22:01:52
nvidia/cuda,11.2.0-cudnn8-devel-ubi8,2022-10-28 07:01:07
nvidia/cuda,11.2.0-cudnn8-devel-ubuntu16.04,2022-05-22 20:43:32
nvidia/cuda,11.2.0-cudnn8-devel-ubuntu18.04,2022-10-28 21:50:37
nvidia/cuda,11.2.0-cudnn8-devel-ubuntu20.04,2022-10-28 05:19:07
nvidia/cuda,11.2.0-cudnn8-runtime,2021-07-02 05:43:43
nvidia/cuda,11.2.0-cudnn8-runtime-centos7,2022-10-28 06:49:29
nvidia/cuda,11.2.0-cudnn8-runtime-centos8,2022-01-07 00:54:06
nvidia/cuda,11.2.0-cudnn8-runtime-rockylinux8,2022-10-28 22:05:18
nvidia/cuda,11.2.0-cudnn8-runtime-ubi7,2022-10-28 22:02:56
nvidia/cuda,11.2.0-cudnn8-runtime-ubi8,2022-10-28 07:04:05
nvidia/cuda,11.2.0-cudnn8-runtime-ubuntu16.04,2022-05-22 20:43:39
nvidia/cuda,11.2.0-cudnn8-runtime-ubuntu18.04,2022-10-28 21:52:10
nvidia/cuda,11.2.0-cudnn8-runtime-ubuntu20.04,2022-10-28 05:21:44
nvidia/cuda,11.2.0-devel,2021-07-02 05:44:37
nvidia/cuda,11.2.0-devel-centos7,2022-10-28 06:49:53
nvidia/cuda,11.2.0-devel-centos8,2022-01-07 00:55:39
nvidia/cuda,11.2.0-devel-rockylinux8,2022-10-28 22:06:03
nvidia/cuda,11.2.0-devel-ubi7,2022-10-28 22:03:19
nvidia/cuda,11.2.0-devel-ubi8,2022-10-28 07:06:55
nvidia/cuda,11.2.0-devel-ubuntu16.04,2022-05-22 20:44:01
nvidia/cuda,11.2.0-devel-ubuntu18.04,2022-10-28 21:55:21
nvidia/cuda,11.2.0-devel-ubuntu20.04,2022-10-28 05:25:06
nvidia/cuda,11.2.0-runtime,2021-07-02 05:44:21
nvidia/cuda,11.2.0-runtime-centos7,2022-10-28 06:49:44
nvidia/cuda,11.2.0-runtime-centos8,2022-01-07 00:54:43
nvidia/cuda,11.2.0-runtime-rockylinux8,2022-10-28 22:05:48
nvidia/cuda,11.2.0-runtime-ubi7,2022-10-28 22:03:11
nvidia/cuda,11.2.0-runtime-ubi8,2022-10-28 07:05:50
nvidia/cuda,11.2.0-runtime-ubuntu16.04,2022-05-22 20:43:53
nvidia/cuda,11.2.0-runtime-ubuntu18.04,2022-10-28 21:53:48
nvidia/cuda,11.2.0-runtime-ubuntu20.04,2022-10-28 05:24:03
nvidia/cuda,11.2.1-base,2021-07-02 05:24:19
nvidia/cuda,11.2.1-base-centos7,2022-10-28 05:58:37
nvidia/cuda,11.2.1-base-centos8,2022-01-07 01:13:10
nvidia/cuda,11.2.1-base-rockylinux8,2022-10-28 21:04:58
nvidia/cuda,11.2.1-base-ubi7,2022-10-28 05:46:28
nvidia/cuda,11.2.1-base-ubi8,2022-10-28 00:42:29
nvidia/cuda,11.2.1-base-ubuntu16.04,2022-05-22 20:06:12
nvidia/cuda,11.2.1-base-ubuntu18.04,2022-10-28 20:59:08
nvidia/cuda,11.2.1-base-ubuntu20.04,2022-10-28 04:58:49
nvidia/cuda,11.2.1-cudnn8-devel,2021-07-02 05:24:08
nvidia/cuda,11.2.1-cudnn8-devel-centos7,2022-10-28 05:57:54
nvidia/cuda,11.2.1-cudnn8-devel-centos8,2022-01-07 01:12:31
nvidia/cuda,11.2.1-cudnn8-devel-rockylinux8,2022-10-28 21:02:34
nvidia/cuda,11.2.1-cudnn8-devel-ubi7,2022-10-28 05:44:26
nvidia/cuda,11.2.1-cudnn8-devel-ubi8,2022-10-28 00:38:19
nvidia/cuda,11.2.1-cudnn8-devel-ubuntu16.04,2022-05-22 20:05:47
nvidia/cuda,11.2.1-cudnn8-devel-ubuntu18.04,2022-10-28 20:56:06
nvidia/cuda,11.2.1-cudnn8-devel-ubuntu20.04,2022-10-28 04:56:08
nvidia/cuda,11.2.1-cudnn8-runtime,2021-07-02 05:23:49
nvidia/cuda,11.2.1-cudnn8-runtime-centos7,2022-10-28 05:58:28
nvidia/cuda,11.2.1-cudnn8-runtime-centos8,2022-01-07 01:12:46
nvidia/cuda,11.2.1-cudnn8-runtime-rockylinux8,2022-10-28 21:04:43
nvidia/cuda,11.2.1-cudnn8-runtime-ubi7,2022-10-28 05:45:56
nvidia/cuda,11.2.1-cudnn8-runtime-ubi8,2022-10-28 00:41:56
nvidia/cuda,11.2.1-cudnn8-runtime-ubuntu16.04,2022-05-22 20:06:02
nvidia/cuda,11.2.1-cudnn8-runtime-ubuntu18.04,2022-10-28 20:57:15
nvidia/cuda,11.2.1-cudnn8-runtime-ubuntu20.04,2022-10-28 04:58:28
nvidia/cuda,11.2.1-devel,2021-07-02 05:24:50
nvidia/cuda,11.2.1-devel-centos7,2022-10-28 05:59:00
nvidia/cuda,11.2.1-devel-centos8,2022-01-07 01:13:58
nvidia/cuda,11.2.1-devel-rockylinux8,2022-10-28 21:06:09
nvidia/cuda,11.2.1-devel-ubi7,2022-10-28 05:47:18
nvidia/cuda,11.2.1-devel-ubi8,2022-10-28 00:43:23
nvidia/cuda,11.2.1-devel-ubuntu16.04,2022-05-22 20:06:20
nvidia/cuda,11.2.1-devel-ubuntu18.04,2022-10-28 21:03:13
nvidia/cuda,11.2.1-devel-ubuntu20.04,2022-10-28 05:00:18
nvidia/cuda,11.2.1-runtime,2021-07-02 05:24:32
nvidia/cuda,11.2.1-runtime-centos7,2022-10-28 05:58:47
nvidia/cuda,11.2.1-runtime-centos8,2022-01-07 01:13:20
nvidia/cuda,11.2.1-runtime-rockylinux8,2022-10-28 21:05:16
nvidia/cuda,11.2.1-runtime-ubi7,2022-10-28 05:46:56
nvidia/cuda,11.2.1-runtime-ubi8,2022-10-28 00:43:01
nvidia/cuda,11.2.1-runtime-ubuntu16.04,2022-05-22 20:06:16
nvidia/cuda,11.2.1-runtime-ubuntu18.04,2022-10-28 21:01:08
nvidia/cuda,11.2.1-runtime-ubuntu20.04,2022-10-28 04:59:11
nvidia/cuda,11.2.2-base,2021-07-02 05:02:53
nvidia/cuda,11.2.2-base-centos7,2022-10-28 21:18:09
nvidia/cuda,11.2.2-base-centos8,2022-01-07 01:34:54
nvidia/cuda,11.2.2-base-rockylinux8,2022-10-28 06:26:35
nvidia/cuda,11.2.2-base-ubi7,2022-10-28 21:20:37
nvidia/cuda,11.2.2-base-ubi8,2022-10-28 21:50:30
nvidia/cuda,11.2.2-base-ubuntu16.04,2022-05-21 21:10:07
nvidia/cuda,11.2.2-base-ubuntu18.04,2022-10-28 05:05:41
nvidia/cuda,11.2.2-base-ubuntu20.04,2022-10-28 04:45:27
nvidia/cuda,11.2.2-cudnn8-devel,2021-07-02 05:02:41
nvidia/cuda,11.2.2-cudnn8-devel-centos7,2022-10-28 21:17:48
nvidia/cuda,11.2.2-cudnn8-devel-centos8,2022-01-07 01:33:51
nvidia/cuda,11.2.2-cudnn8-devel-rockylinux8,2022-10-28 06:24:10
nvidia/cuda,11.2.2-cudnn8-devel-ubi7,2022-10-28 21:19:15
nvidia/cuda,11.2.2-cudnn8-devel-ubi8,2022-10-28 21:47:09
nvidia/cuda,11.2.2-cudnn8-devel-ubuntu16.04,2022-05-21 21:09:53
nvidia/cuda,11.2.2-cudnn8-devel-ubuntu18.04,2022-10-28 05:03:15
nvidia/cuda,11.2.2-cudnn8-devel-ubuntu20.04,2022-10-28 04:42:12
nvidia/cuda,11.2.2-cudnn8-runtime,2021-07-02 05:01:58
nvidia/cuda,11.2.2-cudnn8-runtime-centos7,2022-10-28 21:18:01
nvidia/cuda,11.2.2-cudnn8-runtime-centos8,2022-01-07 01:34:05
nvidia/cuda,11.2.2-cudnn8-runtime-rockylinux8,2022-10-28 06:26:21
nvidia/cuda,11.2.2-cudnn8-runtime-ubi7,2022-10-28 21:20:30
nvidia/cuda,11.2.2-cudnn8-runtime-ubi8,2022-10-28 21:50:09
nvidia/cuda,11.2.2-cudnn8-runtime-ubuntu16.04,2022-05-21 21:10:00
nvidia/cuda,11.2.2-cudnn8-runtime-ubuntu18.04,2022-10-28 05:04:30
nvidia/cuda,11.2.2-cudnn8-runtime-ubuntu20.04,2022-10-28 04:44:54
nvidia/cuda,11.2.2-devel,2021-07-02 05:03:51
nvidia/cuda,11.2.2-devel-centos7,2022-10-28 21:18:41
nvidia/cuda,11.2.2-devel-centos8,2022-01-07 01:36:02
nvidia/cuda,11.2.2-devel-rockylinux8,2022-10-28 06:27:38
nvidia/cuda,11.2.2-devel-ubi7,2022-10-28 21:20:58
nvidia/cuda,11.2.2-devel-ubi8,2022-10-28 21:51:13
nvidia/cuda,11.2.2-devel-ubuntu16.04,2022-05-21 21:10:21
nvidia/cuda,11.2.2-devel-ubuntu18.04,2022-10-28 05:08:52
nvidia/cuda,11.2.2-devel-ubuntu20.04,2022-10-28 04:47:27
nvidia/cuda,11.2.2-runtime,2021-07-02 05:03:07
nvidia/cuda,11.2.2-runtime-centos7,2022-10-28 21:18:37
nvidia/cuda,11.2.2-runtime-centos8,2022-01-07 01:35:18
nvidia/cuda,11.2.2-runtime-rockylinux8,2022-10-28 06:26:51
nvidia/cuda,11.2.2-runtime-ubi7,2022-10-28 21:20:45
nvidia/cuda,11.2.2-runtime-ubi8,2022-10-28 21:50:51
nvidia/cuda,11.2.2-runtime-ubuntu16.04,2022-05-21 21:10:14
nvidia/cuda,11.2.2-runtime-ubuntu18.04,2022-10-28 05:07:15
nvidia/cuda,11.2.2-runtime-ubuntu20.04,2022-10-28 04:46:14
nvidia/cuda,11.3.0-base,2021-07-02 04:45:55
nvidia/cuda,11.3.0-base-centos7,2022-12-17 07:12:52
nvidia/cuda,11.3.0-base-centos8,2022-01-07 01:46:10
nvidia/cuda,11.3.0-base-rockylinux8,2022-12-17 07:19:16
nvidia/cuda,11.3.0-base-ubi7,2022-12-17 22:28:36
nvidia/cuda,11.3.0-base-ubi8,2022-12-17 22:38:58
nvidia/cuda,11.3.0-base-ubuntu16.04,2022-05-22 09:42:43
nvidia/cuda,11.3.0-base-ubuntu18.04,2022-12-17 07:09:42
nvidia/cuda,11.3.0-base-ubuntu20.04,2022-12-17 22:34:44
nvidia/cuda,11.3.0-cudnn8-devel,2021-07-02 04:45:24
nvidia/cuda,11.3.0-cudnn8-devel-centos7,2022-12-17 07:12:40
nvidia/cuda,11.3.0-cudnn8-devel-centos8,2022-01-07 01:45:17
nvidia/cuda,11.3.0-cudnn8-devel-rockylinux8,2022-12-17 07:18:53
nvidia/cuda,11.3.0-cudnn8-devel-ubi7,2022-12-17 22:28:22
nvidia/cuda,11.3.0-cudnn8-devel-ubi8,2022-12-17 22:35:43
nvidia/cuda,11.3.0-cudnn8-devel-ubuntu16.04,2022-05-22 09:42:29
nvidia/cuda,11.3.0-cudnn8-devel-ubuntu18.04,2022-12-17 07:08:36
nvidia/cuda,11.3.0-cudnn8-devel-ubuntu20.04,2022-12-17 22:32:34
nvidia/cuda,11.3.0-cudnn8-runtime,2021-07-02 04:45:19
nvidia/cuda,11.3.0-cudnn8-runtime-centos7,2022-12-17 07:12:46
nvidia/cuda,11.3.0-cudnn8-runtime-centos8,2022-01-07 01:45:32
nvidia/cuda,11.3.0-cudnn8-runtime-rockylinux8,2022-12-17 07:19:07
nvidia/cuda,11.3.0-cudnn8-runtime-ubi7,2022-12-17 22:28:29
nvidia/cuda,11.3.0-cudnn8-runtime-ubi8,2022-12-17 22:38:41
nvidia/cuda,11.3.0-cudnn8-runtime-ubuntu16.04,2022-05-22 09:42:36
nvidia/cuda,11.3.0-cudnn8-runtime-ubuntu18.04,2022-12-17 07:09:32
nvidia/cuda,11.3.0-cudnn8-runtime-ubuntu20.04,2022-12-17 22:34:32
nvidia/cuda,11.3.0-devel,2021-07-02 04:46:18
nvidia/cuda,11.3.0-devel-centos7,2022-12-17 07:13:04
nvidia/cuda,11.3.0-devel-centos8,2022-01-07 01:47:11
nvidia/cuda,11.3.0-devel-rockylinux8,2022-12-17 07:19:42
nvidia/cuda,11.3.0-devel-ubi7,2022-12-17 22:29:17
nvidia/cuda,11.3.0-devel-ubi8,2022-12-17 22:39:35
nvidia/cuda,11.3.0-devel-ubuntu16.04,2022-05-22 09:42:57
nvidia/cuda,11.3.0-devel-ubuntu18.04,2022-12-17 07:10:08
nvidia/cuda,11.3.0-devel-ubuntu20.04,2022-12-17 22:35:10
nvidia/cuda,11.3.0-runtime,2021-07-02 04:46:00
nvidia/cuda,11.3.0-runtime-centos7,2022-12-17 07:12:58
nvidia/cuda,11.3.0-runtime-centos8,2022-01-07 01:46:21
nvidia/cuda,11.3.0-runtime-rockylinux8,2022-12-17 07:19:29
nvidia/cuda,11.3.0-runtime-ubi7,2022-12-17 22:29:06
nvidia/cuda,11.3.0-runtime-ubi8,2022-12-17 22:39:17
nvidia/cuda,11.3.0-runtime-ubuntu16.04,2022-05-22 09:42:49
nvidia/cuda,11.3.0-runtime-ubuntu18.04,2022-12-17 07:09:55
nvidia/cuda,11.3.0-runtime-ubuntu20.04,2022-12-17 22:34:57
nvidia/cuda,11.3.1-base,2021-07-02 04:39:21
nvidia/cuda,11.3.1-base-centos7,2022-12-17 06:51:16
nvidia/cuda,11.3.1-base-centos8,2022-01-07 02:02:29
nvidia/cuda,11.3.1-base-rockylinux8,2022-12-17 06:55:45
nvidia/cuda,11.3.1-base-ubi7,2022-12-17 07:03:02
nvidia/cuda,11.3.1-base-ubi8,2022-12-17 21:36:20
nvidia/cuda,11.3.1-base-ubuntu16.04,2022-05-21 22:20:15
nvidia/cuda,11.3.1-base-ubuntu18.04,2022-12-17 21:30:13
nvidia/cuda,11.3.1-base-ubuntu20.04,2022-12-17 22:17:00
nvidia/cuda,11.3.1-cudnn8-devel,2021-07-02 04:39:16
nvidia/cuda,11.3.1-cudnn8-devel-centos7,2022-12-17 06:51:04
nvidia/cuda,11.3.1-cudnn8-devel-centos8,2022-01-07 02:00:23
nvidia/cuda,11.3.1-cudnn8-devel-rockylinux8,2022-12-17 06:55:18
nvidia/cuda,11.3.1-cudnn8-devel-ubi7,2022-12-17 07:02:55
nvidia/cuda,11.3.1-cudnn8-devel-ubi8,2022-12-17 21:33:11
nvidia/cuda,11.3.1-cudnn8-devel-ubuntu16.04,2022-05-21 22:18:43
nvidia/cuda,11.3.1-cudnn8-devel-ubuntu18.04,2022-12-17 21:28:24
nvidia/cuda,11.3.1-cudnn8-devel-ubuntu20.04,2022-12-17 22:13:39
nvidia/cuda,11.3.1-cudnn8-runtime,2021-07-02 04:39:03
nvidia/cuda,11.3.1-cudnn8-runtime-centos7,2022-12-17 06:51:10
nvidia/cuda,11.3.1-cudnn8-runtime-centos8,2022-01-07 02:01:30
nvidia/cuda,11.3.1-cudnn8-runtime-rockylinux8,2022-12-17 06:55:32
nvidia/cuda,11.3.1-cudnn8-runtime-ubi7,2022-12-17 07:02:59
nvidia/cuda,11.3.1-cudnn8-runtime-ubi8,2022-12-17 21:36:02
nvidia/cuda,11.3.1-cudnn8-runtime-ubuntu16.04,2022-05-21 22:20:08
nvidia/cuda,11.3.1-cudnn8-runtime-ubuntu18.04,2022-12-17 21:30:00
nvidia/cuda,11.3.1-cudnn8-runtime-ubuntu20.04,2022-12-17 22:16:42
nvidia/cuda,11.3.1-devel,2021-07-02 04:39:47
nvidia/cuda,11.3.1-devel-centos7,2022-12-17 06:51:29
nvidia/cuda,11.3.1-devel-centos8,2022-01-07 02:03:31
nvidia/cuda,11.3.1-devel-rockylinux8,2022-12-17 06:56:12
nvidia/cuda,11.3.1-devel-ubi7,2022-12-17 07:03:10
nvidia/cuda,11.3.1-devel-ubi8,2022-12-17 21:36:58
nvidia/cuda,11.3.1-devel-ubuntu16.04,2022-05-21 22:20:38
nvidia/cuda,11.3.1-devel-ubuntu18.04,2022-12-17 21:30:41
nvidia/cuda,11.3.1-devel-ubuntu20.04,2022-12-17 22:17:26
nvidia/cuda,11.3.1-runtime,2021-07-02 04:39:32
nvidia/cuda,11.3.1-runtime-centos7,2022-12-17 06:51:22
nvidia/cuda,11.3.1-runtime-centos8,2022-01-07 02:02:52
nvidia/cuda,11.3.1-runtime-rockylinux8,2022-12-17 06:55:58
nvidia/cuda,11.3.1-runtime-ubi7,2022-12-17 07:03:06
nvidia/cuda,11.3.1-runtime-ubi8,2022-12-17 21:36:39
nvidia/cuda,11.3.1-runtime-ubuntu16.04,2022-05-21 22:20:22
nvidia/cuda,11.3.1-runtime-ubuntu18.04,2022-12-17 21:30:28
nvidia/cuda,11.3.1-runtime-ubuntu20.04,2022-12-17 22:17:13
nvidia/cuda,11.4.0-base,2021-07-08 23:10:31
nvidia/cuda,11.4.0-base-centos7,2022-12-17 06:18:54
nvidia/cuda,11.4.0-base-centos8,2022-01-21 00:18:18
nvidia/cuda,11.4.0-base-rockylinux8,2022-12-17 06:25:04
nvidia/cuda,11.4.0-base-ubi7,2022-12-17 06:35:25
nvidia/cuda,11.4.0-base-ubi8,2022-12-17 22:14:05
nvidia/cuda,11.4.0-base-ubuntu18.04,2022-12-17 06:13:06
nvidia/cuda,11.4.0-base-ubuntu20.04,2022-12-17 06:06:18
nvidia/cuda,11.4.0-cudnn8-devel-centos7,2022-12-17 06:18:40
nvidia/cuda,11.4.0-cudnn8-devel-centos8,2022-01-21 00:14:11
nvidia/cuda,11.4.0-cudnn8-devel-rockylinux8,2022-12-17 06:24:38
nvidia/cuda,11.4.0-cudnn8-devel-ubi7,2022-12-17 06:35:13
nvidia/cuda,11.4.0-cudnn8-devel-ubi8,2022-12-17 22:09:33
nvidia/cuda,11.4.0-cudnn8-devel-ubuntu18.04,2022-12-17 06:11:48
nvidia/cuda,11.4.0-cudnn8-devel-ubuntu20.04,2022-12-17 06:05:03
nvidia/cuda,11.4.0-cudnn8-runtime-centos7,2022-12-17 06:18:48
nvidia/cuda,11.4.0-cudnn8-runtime-centos8,2022-01-21 00:16:28
nvidia/cuda,11.4.0-cudnn8-runtime-rockylinux8,2022-12-17 06:24:52
nvidia/cuda,11.4.0-cudnn8-runtime-ubi7,2022-12-17 06:35:19
nvidia/cuda,11.4.0-cudnn8-runtime-ubi8,2022-12-17 22:12:55
nvidia/cuda,11.4.0-cudnn8-runtime-ubuntu18.04,2022-12-17 06:12:54
nvidia/cuda,11.4.0-cudnn8-runtime-ubuntu20.04,2022-12-17 06:06:06
nvidia/cuda,11.4.0-devel,2021-07-08 23:11:35
nvidia/cuda,11.4.0-devel-centos7,2022-12-17 06:19:09
nvidia/cuda,11.4.0-devel-centos8,2022-01-21 00:20:38
nvidia/cuda,11.4.0-devel-rockylinux8,2022-12-17 06:25:30
nvidia/cuda,11.4.0-devel-ubi7,2022-12-17 06:35:38
nvidia/cuda,11.4.0-devel-ubi8,2022-12-17 22:14:59
nvidia/cuda,11.4.0-devel-ubuntu18.04,2022-12-17 06:13:53
nvidia/cuda,11.4.0-devel-ubuntu20.04,2022-12-17 06:07:10
nvidia/cuda,11.4.0-runtime,2021-07-08 23:11:15
nvidia/cuda,11.4.0-runtime-centos7,2022-12-17 06:19:02
nvidia/cuda,11.4.0-runtime-centos8,2022-01-21 00:18:44
nvidia/cuda,11.4.0-runtime-rockylinux8,2022-12-17 06:25:17
nvidia/cuda,11.4.0-runtime-ubi7,2022-12-17 06:35:32
nvidia/cuda,11.4.0-runtime-ubi8,2022-12-17 22:14:29
nvidia/cuda,11.4.0-runtime-ubuntu18.04,2022-12-17 06:13:19
nvidia/cuda,11.4.0-runtime-ubuntu20.04,2022-12-17 06:06:33
nvidia/cuda,11.4.1-base-centos7,2022-12-17 05:33:08
nvidia/cuda,11.4.1-base-centos8,2022-01-21 00:03:31
nvidia/cuda,11.4.1-base-rockylinux8,2022-12-17 05:49:05
nvidia/cuda,11.4.1-base-ubi7,2022-12-17 05:41:47
nvidia/cuda,11.4.1-base-ubi8,2022-12-17 21:55:16
nvidia/cuda,11.4.1-base-ubuntu18.04,2022-12-17 21:49:33
nvidia/cuda,11.4.1-base-ubuntu20.04,2022-12-17 22:12:55
nvidia/cuda,11.4.1-cudnn8-devel-centos7,2022-12-17 05:31:53
nvidia/cuda,11.4.1-cudnn8-devel-centos8,2022-01-21 00:00:46
nvidia/cuda,11.4.1-cudnn8-devel-rockylinux8,2022-12-17 05:42:24
nvidia/cuda,11.4.1-cudnn8-devel-ubi7,2022-12-17 05:41:27
nvidia/cuda,11.4.1-cudnn8-devel-ubi8,2022-12-17 21:51:16
nvidia/cuda,11.4.1-cudnn8-devel-ubuntu18.04,2022-12-17 21:47:56
nvidia/cuda,11.4.1-cudnn8-devel-ubuntu20.04,2022-12-17 22:11:42
nvidia/cuda,11.4.1-cudnn8-runtime-centos7,2022-12-17 05:32:36
nvidia/cuda,11.4.1-cudnn8-runtime-centos8,2022-01-21 00:03:11
nvidia/cuda,11.4.1-cudnn8-runtime-rockylinux8,2022-12-17 05:43:42
nvidia/cuda,11.4.1-cudnn8-runtime-ubi7,2022-12-17 05:41:44
nvidia/cuda,11.4.1-cudnn8-runtime-ubi8,2022-12-17 21:54:58
nvidia/cuda,11.4.1-cudnn8-runtime-ubuntu18.04,2022-12-17 21:49:24
nvidia/cuda,11.4.1-cudnn8-runtime-ubuntu20.04,2022-12-17 22:12:42
nvidia/cuda,11.4.1-devel-centos7,2022-12-17 05:33:47
nvidia/cuda,11.4.1-devel-centos8,2022-01-21 00:04:05
nvidia/cuda,11.4.1-devel-rockylinux8,2022-12-17 05:59:09
nvidia/cuda,11.4.1-devel-ubi7,2022-12-17 05:41:59
nvidia/cuda,11.4.1-devel-ubi8,2022-12-17 21:56:52
nvidia/cuda,11.4.1-devel-ubuntu18.04,2022-12-17 21:50:09
nvidia/cuda,11.4.1-devel-ubuntu20.04,2022-12-17 22:13:22
nvidia/cuda,11.4.1-runtime-centos7,2022-12-17 05:33:21
nvidia/cuda,11.4.1-runtime-centos8,2022-01-21 00:03:51
nvidia/cuda,11.4.1-runtime-rockylinux8,2022-12-17 05:56:48
nvidia/cuda,11.4.1-runtime-ubi7,2022-12-17 05:41:53
nvidia/cuda,11.4.1-runtime-ubi8,2022-12-17 21:55:35
nvidia/cuda,11.4.1-runtime-ubuntu18.04,2022-12-17 21:49:51
nvidia/cuda,11.4.1-runtime-ubuntu20.04,2022-12-17 22:13:08
nvidia/cuda,11.4.2-base-centos7,2022-12-17 04:59:39
nvidia/cuda,11.4.2-base-centos8,2022-01-20 23:56:56
nvidia/cuda,11.4.2-base-rockylinux8,2022-12-17 05:09:42
nvidia/cuda,11.4.2-base-ubi7,2022-12-17 05:05:41
nvidia/cuda,11.4.2-base-ubi8,2022-12-17 05:40:13
nvidia/cuda,11.4.2-base-ubuntu18.04,2022-12-17 05:28:29
nvidia/cuda,11.4.2-base-ubuntu20.04,2022-12-17 05:31:47
nvidia/cuda,11.4.2-cudnn8-devel-centos7,2022-12-17 04:59:29
nvidia/cuda,11.4.2-cudnn8-devel-centos8,2022-01-20 23:54:08
nvidia/cuda,11.4.2-cudnn8-devel-rockylinux8,2022-12-17 05:09:17
nvidia/cuda,11.4.2-cudnn8-devel-ubi7,2022-12-17 05:05:34
nvidia/cuda,11.4.2-cudnn8-devel-ubi8,2022-12-17 05:36:43
nvidia/cuda,11.4.2-cudnn8-devel-ubuntu18.04,2022-12-17 05:27:08
nvidia/cuda,11.4.2-cudnn8-devel-ubuntu20.04,2022-12-17 05:29:53
nvidia/cuda,11.4.2-cudnn8-runtime-centos7,2022-12-17 04:59:35
nvidia/cuda,11.4.2-cudnn8-runtime-centos8,2022-01-20 23:55:53
nvidia/cuda,11.4.2-cudnn8-runtime-rockylinux8,2022-12-17 05:09:33
nvidia/cuda,11.4.2-cudnn8-runtime-ubi7,2022-12-17 05:05:38
nvidia/cuda,11.4.2-cudnn8-runtime-ubi8,2022-12-17 05:39:56
nvidia/cuda,11.4.2-cudnn8-runtime-ubuntu18.04,2022-12-17 05:28:08
nvidia/cuda,11.4.2-cudnn8-runtime-ubuntu20.04,2022-12-17 05:31:12
nvidia/cuda,11.4.2-devel-centos7,2022-12-17 05:00:23
nvidia/cuda,11.4.2-devel-centos8,2022-01-20 23:58:39
nvidia/cuda,11.4.2-devel-rockylinux8,2022-12-17 05:10:10
nvidia/cuda,11.4.2-devel-ubi7,2022-12-17 05:05:48
nvidia/cuda,11.4.2-devel-ubi8,2022-12-17 05:40:52
nvidia/cuda,11.4.2-devel-ubuntu18.04,2022-12-17 05:29:03
nvidia/cuda,11.4.2-devel-ubuntu20.04,2022-12-17 05:33:07
nvidia/cuda,11.4.2-runtime-centos7,2022-12-17 05:00:15
nvidia/cuda,11.4.2-runtime-centos8,2022-01-20 23:57:33
nvidia/cuda,11.4.2-runtime-rockylinux8,2022-12-17 05:09:55
nvidia/cuda,11.4.2-runtime-ubi7,2022-12-17 05:05:44
nvidia/cuda,11.4.2-runtime-ubi8,2022-12-17 05:40:32
nvidia/cuda,11.4.2-runtime-ubuntu18.04,2022-12-17 05:28:45
nvidia/cuda,11.4.2-runtime-ubuntu20.04,2022-12-17 05:32:07
nvidia/cuda,11.4.3-base-centos7,2022-04-30 00:31:02
nvidia/cuda,11.4.3-base-centos8,2022-01-20 23:48:19
nvidia/cuda,11.4.3-base-rockylinux8,2022-05-20 08:16:02
nvidia/cuda,11.4.3-base-ubi7,2022-04-30 00:19:50
nvidia/cuda,11.4.3-base-ubi8,2022-04-30 02:32:16
nvidia/cuda,11.4.3-base-ubuntu18.04,2022-04-29 06:39:23
nvidia/cuda,11.4.3-base-ubuntu20.04,2022-04-29 21:03:09
nvidia/cuda,11.4.3-cudnn8-devel-centos7,2022-04-30 00:29:43
nvidia/cuda,11.4.3-cudnn8-devel-centos8,2022-01-20 23:45:29
nvidia/cuda,11.4.3-cudnn8-devel-rockylinux8,2022-05-20 08:15:16
nvidia/cuda,11.4.3-cudnn8-devel-ubi7,2022-04-30 00:17:36
nvidia/cuda,11.4.3-cudnn8-devel-ubi8,2022-04-30 02:31:57
nvidia/cuda,11.4.3-cudnn8-devel-ubuntu18.04,2022-04-29 06:39:13
nvidia/cuda,11.4.3-cudnn8-devel-ubuntu20.04,2022-04-29 20:57:15
nvidia/cuda,11.4.3-cudnn8-runtime-centos7,2022-04-30 00:30:53
nvidia/cuda,11.4.3-cudnn8-runtime-centos8,2022-01-20 23:47:44
nvidia/cuda,11.4.3-cudnn8-runtime-rockylinux8,2022-05-20 08:15:32
nvidia/cuda,11.4.3-cudnn8-runtime-ubi7,2022-04-30 00:19:28
nvidia/cuda,11.4.3-cudnn8-runtime-ubi8,2022-04-30 02:32:07
nvidia/cuda,11.4.3-cudnn8-runtime-ubuntu18.04,2022-04-29 06:39:17
nvidia/cuda,11.4.3-cudnn8-runtime-ubuntu20.04,2022-04-29 21:02:41
nvidia/cuda,11.4.3-devel-centos7,2022-04-30 00:31:24
nvidia/cuda,11.4.3-devel-centos8,2022-01-20 23:49:47
nvidia/cuda,11.4.3-devel-rockylinux8,2022-05-20 08:17:18
nvidia/cuda,11.4.3-devel-ubi7,2022-04-30 00:20:30
nvidia/cuda,11.4.3-devel-ubi8,2022-04-30 02:32:45
nvidia/cuda,11.4.3-devel-ubuntu18.04,2022-04-29 06:42:54
nvidia/cuda,11.4.3-devel-ubuntu20.04,2022-04-29 21:09:58
nvidia/cuda,11.4.3-runtime-centos7,2022-04-30 00:31:14
nvidia/cuda,11.4.3-runtime-centos8,2022-01-20 23:48:54
nvidia/cuda,11.4.3-runtime-rockylinux8,2022-05-20 08:17:03
nvidia/cuda,11.4.3-runtime-ubi7,2022-04-30 00:20:16
nvidia/cuda,11.4.3-runtime-ubi8,2022-04-30 02:32:25
nvidia/cuda,11.4.3-runtime-ubuntu18.04,2022-04-29 06:40:47
nvidia/cuda,11.4.3-runtime-ubuntu20.04,2022-04-29 21:06:20
nvidia/cuda,11.5.0-base-centos7,2022-12-17 20:36:22
nvidia/cuda,11.5.0-base-centos8,2022-01-25 20:19:36
nvidia/cuda,11.5.0-base-rockylinux8,2022-12-17 20:37:23
nvidia/cuda,11.5.0-base-ubi7,2022-12-17 04:36:44
nvidia/cuda,11.5.0-base-ubi8,2022-12-17 20:24:44
nvidia/cuda,11.5.0-base-ubuntu18.04,2022-12-17 04:59:48
nvidia/cuda,11.5.0-base-ubuntu20.04,2022-12-17 20:43:26
nvidia/cuda,11.5.0-cudnn8-devel-centos7,2022-12-17 20:35:41
nvidia/cuda,11.5.0-cudnn8-devel-centos8,2022-01-25 20:19:07
nvidia/cuda,11.5.0-cudnn8-devel-rockylinux8,2022-12-17 20:36:50
nvidia/cuda,11.5.0-cudnn8-devel-ubi7,2022-12-17 04:36:31
nvidia/cuda,11.5.0-cudnn8-devel-ubi8,2022-12-17 20:21:39
nvidia/cuda,11.5.0-cudnn8-devel-ubuntu18.04,2022-12-17 04:57:15
nvidia/cuda,11.5.0-cudnn8-devel-ubuntu20.04,2022-12-17 20:41:27
nvidia/cuda,11.5.0-cudnn8-runtime-centos7,2022-12-17 20:36:04
nvidia/cuda,11.5.0-cudnn8-runtime-centos8,2022-01-25 20:19:23
nvidia/cuda,11.5.0-cudnn8-runtime-rockylinux8,2022-12-17 20:37:09
nvidia/cuda,11.5.0-cudnn8-runtime-ubi7,2022-12-17 04:36:38
nvidia/cuda,11.5.0-cudnn8-runtime-ubi8,2022-12-17 20:24:27
nvidia/cuda,11.5.0-cudnn8-runtime-ubuntu18.04,2022-12-17 04:59:25
nvidia/cuda,11.5.0-cudnn8-runtime-ubuntu20.04,2022-12-17 20:43:15
nvidia/cuda,11.5.0-devel-centos7,2022-12-17 20:36:56
nvidia/cuda,11.5.0-devel-centos8,2022-01-25 20:20:08
nvidia/cuda,11.5.0-devel-rockylinux8,2022-12-17 20:37:49
nvidia/cuda,11.5.0-devel-ubi7,2022-12-17 04:36:57
nvidia/cuda,11.5.0-devel-ubi8,2022-12-17 20:25:22
nvidia/cuda,11.5.0-devel-ubuntu18.04,2022-12-17 05:00:37
nvidia/cuda,11.5.0-devel-ubuntu20.04,2022-12-17 20:43:53
nvidia/cuda,11.5.0-runtime-centos7,2022-12-17 20:36:40
nvidia/cuda,11.5.0-runtime-centos8,2022-01-25 20:19:51
nvidia/cuda,11.5.0-runtime-rockylinux8,2022-12-17 20:37:36
nvidia/cuda,11.5.0-runtime-ubi7,2022-12-17 04:36:50
nvidia/cuda,11.5.0-runtime-ubi8,2022-12-17 20:25:03
nvidia/cuda,11.5.0-runtime-ubuntu18.04,2022-12-17 05:00:06
nvidia/cuda,11.5.0-runtime-ubuntu20.04,2022-12-17 20:43:40
nvidia/cuda,11.5.1-base-centos7,2022-12-17 21:44:36
nvidia/cuda,11.5.1-base-centos8,2022-01-25 19:58:10
nvidia/cuda,11.5.1-base-rockylinux8,2022-12-17 20:35:15
nvidia/cuda,11.5.1-base-ubi7,2022-12-17 04:07:38
nvidia/cuda,11.5.1-base-ubi8,2022-12-17 04:56:13
nvidia/cuda,11.5.1-base-ubuntu18.04,2022-12-17 21:48:03
nvidia/cuda,11.5.1-base-ubuntu20.04,2022-12-17 21:50:00
nvidia/cuda,11.5.1-cudnn8-devel-centos7,2022-12-17 21:44:24
nvidia/cuda,11.5.1-cudnn8-devel-centos8,2022-01-25 19:57:32
nvidia/cuda,11.5.1-cudnn8-devel-rockylinux8,2022-12-17 20:34:50
nvidia/cuda,11.5.1-cudnn8-devel-ubi7,2022-12-17 04:07:22
nvidia/cuda,11.5.1-cudnn8-devel-ubi8,2022-12-17 04:52:58
nvidia/cuda,11.5.1-cudnn8-devel-ubuntu18.04,2022-12-17 21:45:48
nvidia/cuda,11.5.1-cudnn8-devel-ubuntu20.04,2022-12-17 21:47:51
nvidia/cuda,11.5.1-cudnn8-runtime-centos7,2022-12-17 21:44:30
nvidia/cuda,11.5.1-cudnn8-runtime-centos8,2022-01-25 19:57:50
nvidia/cuda,11.5.1-cudnn8-runtime-rockylinux8,2022-12-17 20:35:03
nvidia/cuda,11.5.1-cudnn8-runtime-ubi7,2022-12-17 04:07:29
nvidia/cuda,11.5.1-cudnn8-runtime-ubi8,2022-12-17 04:55:53
nvidia/cuda,11.5.1-cudnn8-runtime-ubuntu18.04,2022-12-17 21:47:51
nvidia/cuda,11.5.1-cudnn8-runtime-ubuntu20.04,2022-12-17 21:49:44
nvidia/cuda,11.5.1-devel-centos7,2022-12-17 21:45:09
nvidia/cuda,11.5.1-devel-centos8,2022-01-25 19:58:45
nvidia/cuda,11.5.1-devel-rockylinux8,2022-12-17 20:35:43
nvidia/cuda,11.5.1-devel-ubi7,2022-12-17 04:07:53
nvidia/cuda,11.5.1-devel-ubi8,2022-12-17 04:56:57
nvidia/cuda,11.5.1-devel-ubuntu18.04,2022-12-17 21:48:58
nvidia/cuda,11.5.1-devel-ubuntu20.04,2022-12-17 21:51:10
nvidia/cuda,11.5.1-runtime-centos7,2022-12-17 21:44:43
nvidia/cuda,11.5.1-runtime-centos8,2022-01-25 19:58:27
nvidia/cuda,11.5.1-runtime-rockylinux8,2022-12-17 20:35:30
nvidia/cuda,11.5.1-runtime-ubi7,2022-12-17 04:07:45
nvidia/cuda,11.5.1-runtime-ubi8,2022-12-17 04:56:34
nvidia/cuda,11.5.1-runtime-ubuntu18.04,2022-12-17 21:48:16
nvidia/cuda,11.5.1-runtime-ubuntu20.04,2022-12-17 21:50:58
nvidia/cuda,11.5.2-base-centos7,2022-12-17 03:43:56
nvidia/cuda,11.5.2-base-rockylinux8,2022-12-17 03:46:36
nvidia/cuda,11.5.2-base-ubi7,2022-12-17 03:44:31
nvidia/cuda,11.5.2-base-ubi8,2022-12-17 04:38:19
nvidia/cuda,11.5.2-base-ubuntu18.04,2022-12-17 17:57:45
nvidia/cuda,11.5.2-base-ubuntu20.04,2022-12-17 18:00:38
nvidia/cuda,11.5.2-cudnn8-devel-centos7,2022-12-17 03:43:40
nvidia/cuda,11.5.2-cudnn8-devel-rockylinux8,2022-12-17 03:46:08
nvidia/cuda,11.5.2-cudnn8-devel-ubi7,2022-12-17 03:43:33
nvidia/cuda,11.5.2-cudnn8-devel-ubi8,2022-12-17 04:35:01
nvidia/cuda,11.5.2-cudnn8-devel-ubuntu18.04,2022-12-17 17:55:16
nvidia/cuda,11.5.2-cudnn8-devel-ubuntu20.04,2022-12-17 17:57:44
nvidia/cuda,11.5.2-cudnn8-runtime-centos7,2022-12-17 03:43:50
nvidia/cuda,11.5.2-cudnn8-runtime-rockylinux8,2022-12-17 03:46:24
nvidia/cuda,11.5.2-cudnn8-runtime-ubi7,2022-12-17 03:44:04
nvidia/cuda,11.5.2-cudnn8-runtime-ubi8,2022-12-17 04:37:57
nvidia/cuda,11.5.2-cudnn8-runtime-ubuntu18.04,2022-12-17 17:57:21
nvidia/cuda,11.5.2-cudnn8-runtime-ubuntu20.04,2022-12-17 18:00:29
nvidia/cuda,11.5.2-devel-centos7,2022-12-17 03:44:44
nvidia/cuda,11.5.2-devel-rockylinux8,2022-12-17 03:47:04
nvidia/cuda,11.5.2-devel-ubi7,2022-12-17 03:45:21
nvidia/cuda,11.5.2-devel-ubi8,2022-12-17 04:39:02
nvidia/cuda,11.5.2-devel-ubuntu18.04,2022-12-17 17:58:19
nvidia/cuda,11.5.2-devel-ubuntu20.04,2022-12-17 18:01:05
nvidia/cuda,11.5.2-runtime-centos7,2022-12-17 03:44:17
nvidia/cuda,11.5.2-runtime-rockylinux8,2022-12-17 03:46:50
nvidia/cuda,11.5.2-runtime-ubi7,2022-12-17 03:44:57
nvidia/cuda,11.5.2-runtime-ubi8,2022-12-17 04:38:38
nvidia/cuda,11.5.2-runtime-ubuntu18.04,2022-12-17 17:58:01
nvidia/cuda,11.5.2-runtime-ubuntu20.04,2022-12-17 18:00:51
nvidia/cuda,11.6.0-base-centos7,2022-12-17 03:14:44
nvidia/cuda,11.6.0-base-centos8,2022-01-20 20:17:12
nvidia/cuda,11.6.0-base-rockylinux8,2022-12-17 03:16:59
nvidia/cuda,11.6.0-base-ubi7,2022-12-17 17:56:02
nvidia/cuda,11.6.0-base-ubi8,2022-12-17 03:42:28
nvidia/cuda,11.6.0-base-ubuntu18.04,2022-12-17 17:56:18
nvidia/cuda,11.6.0-base-ubuntu20.04,2022-12-17 03:38:09
nvidia/cuda,11.6.0-cudnn8-devel-centos7,2022-12-17 03:14:36
nvidia/cuda,11.6.0-cudnn8-devel-rockylinux8,2022-12-17 03:16:33
nvidia/cuda,11.6.0-cudnn8-devel-ubi7,2022-12-17 17:54:45
nvidia/cuda,11.6.0-cudnn8-devel-ubi8,2022-12-17 03:38:45
nvidia/cuda,11.6.0-cudnn8-devel-ubuntu18.04,2022-12-17 17:53:48
nvidia/cuda,11.6.0-cudnn8-devel-ubuntu20.04,2022-12-17 03:35:25
nvidia/cuda,11.6.0-cudnn8-runtime-centos7,2022-12-17 03:14:40
nvidia/cuda,11.6.0-cudnn8-runtime-rockylinux8,2022-12-17 03:16:47
nvidia/cuda,11.6.0-cudnn8-runtime-ubi7,2022-12-17 17:55:32
nvidia/cuda,11.6.0-cudnn8-runtime-ubi8,2022-12-17 03:42:09
nvidia/cuda,11.6.0-cudnn8-runtime-ubuntu18.04,2022-12-17 17:55:36
nvidia/cuda,11.6.0-cudnn8-runtime-ubuntu20.04,2022-12-17 03:37:26
nvidia/cuda,11.6.0-devel-centos7,2022-12-17 03:14:53
nvidia/cuda,11.6.0-devel-centos8,2022-01-20 20:23:18
nvidia/cuda,11.6.0-devel-rockylinux8,2022-12-17 03:17:26
nvidia/cuda,11.6.0-devel-ubi7,2022-12-17 17:57:37
nvidia/cuda,11.6.0-devel-ubi8,2022-12-17 03:43:13
nvidia/cuda,11.6.0-devel-ubuntu18.04,2022-12-17 17:57:02
nvidia/cuda,11.6.0-devel-ubuntu20.04,2022-12-17 03:38:47
nvidia/cuda,11.6.0-runtime-centos7,2022-12-17 03:14:49
nvidia/cuda,11.6.0-runtime-centos8,2022-01-20 20:19:59
nvidia/cuda,11.6.0-runtime-rockylinux8,2022-12-17 03:17:12
nvidia/cuda,11.6.0-runtime-ubi7,2022-12-17 17:56:56
nvidia/cuda,11.6.0-runtime-ubi8,2022-12-17 03:42:50
nvidia/cuda,11.6.0-runtime-ubuntu18.04,2022-12-17 17:56:44
nvidia/cuda,11.6.0-runtime-ubuntu20.04,2022-12-17 03:38:32
nvidia/cuda,11.6.1-base-centos7,2022-12-17 02:40:15
nvidia/cuda,11.6.1-base-rockylinux8,2022-12-17 02:46:04
nvidia/cuda,11.6.1-base-ubi7,2022-12-17 02:44:07
nvidia/cuda,11.6.1-base-ubi8,2022-12-17 03:36:49
nvidia/cuda,11.6.1-base-ubuntu18.04,2022-12-17 02:53:23
nvidia/cuda,11.6.1-base-ubuntu20.04,2022-12-17 17:48:12
nvidia/cuda,11.6.1-cudnn8-devel-centos7,2022-12-17 02:39:32
nvidia/cuda,11.6.1-cudnn8-devel-rockylinux8,2022-12-17 02:45:19
nvidia/cuda,11.6.1-cudnn8-devel-ubi7,2022-12-17 02:43:13
nvidia/cuda,11.6.1-cudnn8-devel-ubi8,2022-12-17 03:33:02
nvidia/cuda,11.6.1-cudnn8-devel-ubuntu18.04,2022-12-17 02:51:17
nvidia/cuda,11.6.1-cudnn8-devel-ubuntu20.04,2022-12-17 17:46:13
nvidia/cuda,11.6.1-cudnn8-runtime-centos7,2022-12-17 02:39:51
nvidia/cuda,11.6.1-cudnn8-runtime-rockylinux8,2022-12-17 02:45:45
nvidia/cuda,11.6.1-cudnn8-runtime-ubi7,2022-12-17 02:43:57
nvidia/cuda,11.6.1-cudnn8-runtime-ubi8,2022-12-17 03:36:11
nvidia/cuda,11.6.1-cudnn8-runtime-ubuntu18.04,2022-12-17 02:53:10
nvidia/cuda,11.6.1-cudnn8-runtime-ubuntu20.04,2022-12-17 17:48:00
nvidia/cuda,11.6.1-devel-centos7,2022-12-17 02:40:56
nvidia/cuda,11.6.1-devel-rockylinux8,2022-12-17 02:47:08
nvidia/cuda,11.6.1-devel-ubi7,2022-12-17 02:44:54
nvidia/cuda,11.6.1-devel-ubi8,2022-12-17 03:37:42
nvidia/cuda,11.6.1-devel-ubuntu18.04,2022-12-17 02:53:51
nvidia/cuda,11.6.1-devel-ubuntu20.04,2022-12-17 17:48:39
nvidia/cuda,11.6.1-runtime-centos7,2022-12-17 02:40:38
nvidia/cuda,11.6.1-runtime-rockylinux8,2022-12-17 02:46:48
nvidia/cuda,11.6.1-runtime-ubi7,2022-12-17 02:44:33
nvidia/cuda,11.6.1-runtime-ubi8,2022-12-17 03:37:20
nvidia/cuda,11.6.1-runtime-ubuntu18.04,2022-12-17 02:53:37
nvidia/cuda,11.6.1-runtime-ubuntu20.04,2022-12-17 17:48:26
nvidia/cuda,11.6.2-base-centos7,2022-12-17 02:32:00
nvidia/cuda,11.6.2-base-rockylinux8,2022-12-17 17:17:14
nvidia/cuda,11.6.2-base-ubi7,2022-12-17 02:32:36
nvidia/cuda,11.6.2-base-ubi8,2022-12-17 17:23:44
nvidia/cuda,11.6.2-base-ubuntu18.04,2022-12-17 02:37:08
nvidia/cuda,11.6.2-base-ubuntu20.04,2022-12-17 02:38:27
nvidia/cuda,11.6.2-cudnn8-devel-centos7,2022-12-17 02:31:05
nvidia/cuda,11.6.2-cudnn8-devel-rockylinux8,2022-12-17 17:15:36
nvidia/cuda,11.6.2-cudnn8-devel-ubi7,2022-12-17 02:32:27
nvidia/cuda,11.6.2-cudnn8-devel-ubi8,2022-12-17 17:20:43
nvidia/cuda,11.6.2-cudnn8-devel-ubuntu18.04,2022-12-17 02:34:10
nvidia/cuda,11.6.2-cudnn8-devel-ubuntu20.04,2022-12-17 02:35:20
nvidia/cuda,11.6.2-cudnn8-runtime-centos7,2022-12-17 02:31:25
nvidia/cuda,11.6.2-cudnn8-runtime-rockylinux8,2022-12-17 17:16:45
nvidia/cuda,11.6.2-cudnn8-runtime-ubi7,2022-12-17 02:32:32
nvidia/cuda,11.6.2-cudnn8-runtime-ubi8,2022-12-17 17:23:25
nvidia/cuda,11.6.2-cudnn8-runtime-ubuntu18.04,2022-12-17 02:36:59
nvidia/cuda,11.6.2-cudnn8-runtime-ubuntu20.04,2022-12-17 02:37:56
nvidia/cuda,11.6.2-devel-centos7,2022-12-17 02:32:36
nvidia/cuda,11.6.2-devel-rockylinux8,2022-12-17 17:17:52
nvidia/cuda,11.6.2-devel-ubi7,2022-12-17 02:32:53
nvidia/cuda,11.6.2-devel-ubi8,2022-12-17 17:24:25
nvidia/cuda,11.6.2-devel-ubuntu18.04,2022-12-17 02:37:36
nvidia/cuda,11.6.2-devel-ubuntu20.04,2022-12-17 02:38:57
nvidia/cuda,11.6.2-runtime-centos7,2022-12-17 02:32:21
nvidia/cuda,11.6.2-runtime-rockylinux8,2022-12-17 17:17:33
nvidia/cuda,11.6.2-runtime-ubi7,2022-12-17 02:32:43
nvidia/cuda,11.6.2-runtime-ubi8,2022-12-17 17:24:04
nvidia/cuda,11.6.2-runtime-ubuntu18.04,2022-12-17 02:37:23
nvidia/cuda,11.6.2-runtime-ubuntu20.04,2022-12-17 02:38:41
nvidia/cuda,11.7.0-base-centos7,2022-12-17 01:28:09
nvidia/cuda,11.7.0-base-rockylinux8,2022-12-17 02:00:15
nvidia/cuda,11.7.0-base-ubi7,2022-12-17 16:56:19
nvidia/cuda,11.7.0-base-ubi8,2022-12-17 02:48:37
nvidia/cuda,11.7.0-base-ubuntu18.04,2022-12-17 17:16:17
nvidia/cuda,11.7.0-base-ubuntu20.04,2022-12-17 16:59:29
nvidia/cuda,11.7.0-base-ubuntu22.04,2022-12-17 02:22:32
nvidia/cuda,11.7.0-cudnn8-devel-centos7,2022-12-17 01:27:56
nvidia/cuda,11.7.0-cudnn8-devel-rockylinux8,2022-12-17 01:59:31
nvidia/cuda,11.7.0-cudnn8-devel-ubi7,2022-12-17 16:55:41
nvidia/cuda,11.7.0-cudnn8-devel-ubi8,2022-12-17 02:45:30
nvidia/cuda,11.7.0-cudnn8-devel-ubuntu18.04,2022-12-17 17:13:43
nvidia/cuda,11.7.0-cudnn8-devel-ubuntu20.04,2022-12-17 16:57:30
nvidia/cuda,11.7.0-cudnn8-devel-ubuntu22.04,2022-12-17 02:20:38
nvidia/cuda,11.7.0-cudnn8-runtime-centos7,2022-12-17 01:28:03
nvidia/cuda,11.7.0-cudnn8-runtime-rockylinux8,2022-12-17 01:59:53
nvidia/cuda,11.7.0-cudnn8-runtime-ubi7,2022-12-17 16:55:50
nvidia/cuda,11.7.0-cudnn8-runtime-ubi8,2022-12-17 02:48:03
nvidia/cuda,11.7.0-cudnn8-runtime-ubuntu18.04,2022-12-17 17:15:43
nvidia/cuda,11.7.0-cudnn8-runtime-ubuntu20.04,2022-12-17 16:58:59
nvidia/cuda,11.7.0-cudnn8-runtime-ubuntu22.04,2022-12-17 02:22:18
nvidia/cuda,11.7.0-devel-centos7,2022-12-17 01:28:23
nvidia/cuda,11.7.0-devel-rockylinux8,2022-12-17 02:01:40
nvidia/cuda,11.7.0-devel-ubi7,2022-12-17 16:56:38
nvidia/cuda,11.7.0-devel-ubi8,2022-12-17 02:49:57
nvidia/cuda,11.7.0-devel-ubuntu18.04,2022-12-17 17:17:02
nvidia/cuda,11.7.0-devel-ubuntu20.04,2022-12-17 16:59:55
nvidia/cuda,11.7.0-devel-ubuntu22.04,2022-12-17 02:23:02
nvidia/cuda,11.7.0-runtime-centos7,2022-12-17 01:28:16
nvidia/cuda,11.7.0-runtime-rockylinux8,2022-12-17 02:00:43
nvidia/cuda,11.7.0-runtime-ubi7,2022-12-17 16:56:27
nvidia/cuda,11.7.0-runtime-ubi8,2022-12-17 02:49:33
nvidia/cuda,11.7.0-runtime-ubuntu18.04,2022-12-17 17:16:47
nvidia/cuda,11.7.0-runtime-ubuntu20.04,2022-12-17 16:59:42
nvidia/cuda,11.7.0-runtime-ubuntu22.04,2022-12-17 02:22:46
nvidia/cuda,11.7.1-base-centos7,2022-12-17 01:25:14
nvidia/cuda,11.7.1-base-rockylinux8,2022-12-17 17:13:48
nvidia/cuda,11.7.1-base-ubi7,2022-12-17 01:24:13
nvidia/cuda,11.7.1-base-ubi8,2022-12-17 02:43:02
nvidia/cuda,11.7.1-base-ubuntu18.04,2022-12-17 17:11:08
nvidia/cuda,11.7.1-base-ubuntu20.04,2022-12-17 02:04:47
nvidia/cuda,11.7.1-base-ubuntu22.04,2022-12-17 17:00:40
nvidia/cuda,11.7.1-cudnn8-devel-centos7,2022-12-17 01:24:34
nvidia/cuda,11.7.1-cudnn8-devel-rockylinux8,2022-12-17 17:13:15
nvidia/cuda,11.7.1-cudnn8-devel-ubi7,2022-12-17 01:24:00
nvidia/cuda,11.7.1-cudnn8-devel-ubi8,2022-12-17 02:39:10
nvidia/cuda,11.7.1-cudnn8-devel-ubuntu18.04,2022-12-17 17:10:16
nvidia/cuda,11.7.1-cudnn8-devel-ubuntu20.04,2022-12-17 02:02:59
nvidia/cuda,11.7.1-cudnn8-devel-ubuntu22.04,2022-12-17 16:57:58
nvidia/cuda,11.7.1-cudnn8-runtime-centos7,2022-12-17 01:24:58
nvidia/cuda,11.7.1-cudnn8-runtime-rockylinux8,2022-12-17 17:13:34
nvidia/cuda,11.7.1-cudnn8-runtime-ubi7,2022-12-17 01:24:07
nvidia/cuda,11.7.1-cudnn8-runtime-ubi8,2022-12-17 02:42:16
nvidia/cuda,11.7.1-cudnn8-runtime-ubuntu18.04,2022-12-17 17:11:02
nvidia/cuda,11.7.1-cudnn8-runtime-ubuntu20.04,2022-12-17 02:04:38
nvidia/cuda,11.7.1-cudnn8-runtime-ubuntu22.04,2022-12-17 16:59:30
nvidia/cuda,11.7.1-devel-centos7,2022-12-17 01:25:26
nvidia/cuda,11.7.1-devel-rockylinux8,2022-12-17 17:14:16
nvidia/cuda,11.7.1-devel-ubi7,2022-12-17 01:24:25
nvidia/cuda,11.7.1-devel-ubi8,2022-12-17 02:44:38
nvidia/cuda,11.7.1-devel-ubuntu18.04,2022-12-17 17:11:22
nvidia/cuda,11.7.1-devel-ubuntu20.04,2022-12-17 02:05:14
nvidia/cuda,11.7.1-devel-ubuntu22.04,2022-12-17 17:01:11
nvidia/cuda,11.7.1-runtime-centos7,2022-12-17 01:25:20
nvidia/cuda,11.7.1-runtime-rockylinux8,2022-12-17 17:14:02
nvidia/cuda,11.7.1-runtime-ubi7,2022-12-17 01:24:19
nvidia/cuda,11.7.1-runtime-ubi8,2022-12-17 02:43:46
nvidia/cuda,11.7.1-runtime-ubuntu18.04,2022-12-17 17:11:15
nvidia/cuda,11.7.1-runtime-ubuntu20.04,2022-12-17 02:05:01
nvidia/cuda,11.7.1-runtime-ubuntu22.04,2022-12-17 17:00:57
nvidia/cuda,11.8.0-base-centos7,2022-12-17 01:20:58
nvidia/cuda,11.8.0-base-rockylinux8,2023-02-02 20:29:49
nvidia/cuda,11.8.0-base-ubi7,2022-12-17 08:32:25
nvidia/cuda,11.8.0-base-ubi8,2023-02-02 20:35:40
nvidia/cuda,11.8.0-base-ubuntu18.04,2023-02-02 20:30:00
nvidia/cuda,11.8.0-base-ubuntu20.04,2023-02-02 20:31:09
nvidia/cuda,11.8.0-base-ubuntu22.04,2023-02-02 20:54:37
nvidia/cuda,11.8.0-cudnn8-devel-centos7,2022-12-17 01:20:44
nvidia/cuda,11.8.0-cudnn8-devel-rockylinux8,2023-02-02 20:27:04
nvidia/cuda,11.8.0-cudnn8-devel-ubi7,2022-12-17 08:31:46
nvidia/cuda,11.8.0-cudnn8-devel-ubi8,2023-02-02 20:32:12
nvidia/cuda,11.8.0-cudnn8-devel-ubuntu18.04,2023-02-02 20:28:38
nvidia/cuda,11.8.0-cudnn8-devel-ubuntu20.04,2023-02-02 20:28:19
nvidia/cuda,11.8.0-cudnn8-devel-ubuntu22.04,2023-02-02 20:52:27
nvidia/cuda,11.8.0-cudnn8-runtime-centos7,2022-12-17 01:20:52
nvidia/cuda,11.8.0-cudnn8-runtime-rockylinux8,2023-02-02 20:29:35
nvidia/cuda,11.8.0-cudnn8-runtime-ubi7,2022-12-17 08:32:17
nvidia/cuda,11.8.0-cudnn8-runtime-ubi8,2023-02-02 20:35:20
nvidia/cuda,11.8.0-cudnn8-runtime-ubuntu18.04,2023-02-02 20:29:34
nvidia/cuda,11.8.0-cudnn8-runtime-ubuntu20.04,2023-02-02 20:30:35
nvidia/cuda,11.8.0-cudnn8-runtime-ubuntu22.04,2023-02-02 20:54:22
nvidia/cuda,11.8.0-devel-centos7,2022-12-17 01:21:11
nvidia/cuda,11.8.0-devel-rockylinux8,2023-02-02 20:30:28
nvidia/cuda,11.8.0-devel-ubi7,2022-12-17 08:32:39
nvidia/cuda,11.8.0-devel-ubi8,2023-02-02 20:36:30
nvidia/cuda,11.8.0-devel-ubuntu18.04,2023-02-02 20:30:30
nvidia/cuda,11.8.0-devel-ubuntu20.04,2023-02-02 20:31:47
nvidia/cuda,11.8.0-devel-ubuntu22.04,2023-02-02 20:55:08
nvidia/cuda,11.8.0-runtime-centos7,2022-12-17 01:21:05
nvidia/cuda,11.8.0-runtime-rockylinux8,2023-02-02 20:30:07
nvidia/cuda,11.8.0-runtime-ubi7,2022-12-17 08:32:31
nvidia/cuda,11.8.0-runtime-ubi8,2023-02-02 20:36:06
nvidia/cuda,11.8.0-runtime-ubuntu18.04,2023-02-02 20:30:12
nvidia/cuda,11.8.0-runtime-ubuntu20.04,2023-02-02 20:31:30
nvidia/cuda,11.8.0-runtime-ubuntu22.04,2023-02-02 20:54:52
nvidia/cuda,12.0.0-base-centos7,2022-12-13 17:51:18
nvidia/cuda,12.0.0-base-rockylinux8,2022-12-13 17:53:52
nvidia/cuda,12.0.0-base-ubi7,2022-12-13 17:52:41
nvidia/cuda,12.0.0-base-ubi8,2022-12-13 17:56:29
nvidia/cuda,12.0.0-base-ubuntu18.04,2022-12-13 17:57:43
nvidia/cuda,12.0.0-base-ubuntu20.04,2023-01-11 23:37:01
nvidia/cuda,12.0.0-base-ubuntu22.04,2022-12-13 18:03:08
nvidia/cuda,12.0.0-devel-centos7,2022-12-13 17:54:40
nvidia/cuda,12.0.0-devel-rockylinux8,2022-12-13 18:02:04
nvidia/cuda,12.0.0-devel-ubi7,2022-12-13 17:56:48
nvidia/cuda,12.0.0-devel-ubi8,2022-12-13 18:07:08
nvidia/cuda,12.0.0-devel-ubuntu18.04,2022-12-13 18:00:50
nvidia/cuda,12.0.0-devel-ubuntu20.04,2023-01-11 23:43:26
nvidia/cuda,12.0.0-devel-ubuntu22.04,2022-12-13 18:10:50
nvidia/cuda,12.0.0-runtime-centos7,2022-12-13 17:52:49
nvidia/cuda,12.0.0-runtime-rockylinux8,2022-12-13 17:57:50
nvidia/cuda,12.0.0-runtime-ubi7,2022-12-13 17:54:29
nvidia/cuda,12.0.0-runtime-ubi8,2022-12-13 18:01:43
nvidia/cuda,12.0.0-runtime-ubuntu18.04,2022-12-13 17:59:16
nvidia/cuda,12.0.0-runtime-ubuntu20.04,2023-01-11 23:39:57
nvidia/cuda,12.0.0-runtime-ubuntu22.04,2022-12-13 18:07:06
nvidia/cuda,12.0.1-base-centos7,2023-02-02 19:55:03
nvidia/cuda,12.0.1-base-rockylinux8,2023-02-02 19:48:03
nvidia/cuda,12.0.1-base-rockylinux9,2023-02-02 19:36:38
nvidia/cuda,12.0.1-base-ubi7,2023-02-02 19:46:29
nvidia/cuda,12.0.1-base-ubi8,2023-02-02 19:39:16
nvidia/cuda,12.0.1-base-ubi9,2023-02-02 19:47:37
nvidia/cuda,12.0.1-base-ubuntu18.04,2023-02-02 19:39:03
nvidia/cuda,12.0.1-base-ubuntu20.04,2023-02-02 19:42:34
nvidia/cuda,12.0.1-base-ubuntu22.04,2023-02-02 19:43:15
nvidia/cuda,12.0.1-devel-centos7,2023-02-02 19:58:29
nvidia/cuda,12.0.1-devel-rockylinux8,2023-02-02 19:55:17
nvidia/cuda,12.0.1-devel-rockylinux9,2023-02-02 19:43:34
nvidia/cuda,12.0.1-devel-ubi7,2023-02-02 19:50:12
nvidia/cuda,12.0.1-devel-ubi8,2023-02-02 19:49:23
nvidia/cuda,12.0.1-devel-ubi9,2023-02-02 19:54:44
nvidia/cuda,12.0.1-devel-ubuntu18.04,2023-02-02 19:42:58
nvidia/cuda,12.0.1-devel-ubuntu20.04,2023-02-02 19:49:38
nvidia/cuda,12.0.1-devel-ubuntu22.04,2023-02-02 19:50:39
nvidia/cuda,12.0.1-runtime-centos7,2023-02-02 19:56:29
nvidia/cuda,12.0.1-runtime-rockylinux8,2023-02-02 19:51:57
nvidia/cuda,12.0.1-runtime-rockylinux9,2023-02-02 19:39:29
nvidia/cuda,12.0.1-runtime-ubi7,2023-02-02 19:48:20
nvidia/cuda,12.0.1-runtime-ubi8,2023-02-02 19:44:24
nvidia/cuda,12.0.1-runtime-ubi9,2023-02-02 19:51:24
nvidia/cuda,12.0.1-runtime-ubuntu18.04,2023-02-02 19:41:17
nvidia/cuda,12.0.1-runtime-ubuntu20.04,2023-02-02 19:45:24
nvidia/cuda,12.0.1-runtime-ubuntu22.04,2023-02-02 19:46:14
nvidia/cuda,7.0-cudnn4-devel-centos7,2018-10-09 23:26:08
nvidia/cuda,7.0-cudnn4-runtime-centos7,2018-10-09 23:26:17
nvidia/cuda,7.0-devel-centos7,2018-10-09 23:26:18
nvidia/cuda,7.0-runtime-centos7,2018-10-09 23:26:18
nvidia/cuda,8.0-cudnn5-devel,2021-06-05 02:37:31
nvidia/cuda,8.0-cudnn5-devel-centos6,2019-11-27 21:19:01
nvidia/cuda,8.0-cudnn5-devel-centos7,2022-04-03 20:02:56
nvidia/cuda,8.0-cudnn5-devel-ubi7,2022-01-06 19:48:36
nvidia/cuda,8.0-cudnn5-devel-ubuntu14.04,2019-08-27 01:06:53
nvidia/cuda,8.0-cudnn5-devel-ubuntu16.04,2022-01-06 19:39:08
nvidia/cuda,8.0-cudnn5-runtime,2021-06-05 02:34:36
nvidia/cuda,8.0-cudnn5-runtime-centos6,2019-11-27 21:20:31
nvidia/cuda,8.0-cudnn5-runtime-centos7,2022-04-03 20:04:45
nvidia/cuda,8.0-cudnn5-runtime-ubi7,2022-01-06 19:49:21
nvidia/cuda,8.0-cudnn5-runtime-ubuntu14.04,2019-08-27 01:07:03
nvidia/cuda,8.0-cudnn5-runtime-ubuntu16.04,2022-01-06 19:39:17
nvidia/cuda,8.0-cudnn6-devel,2021-06-05 02:41:20
nvidia/cuda,8.0-cudnn6-devel-centos6,2019-11-27 21:21:40
nvidia/cuda,8.0-cudnn6-devel-centos7,2022-04-03 20:06:21
nvidia/cuda,8.0-cudnn6-devel-ubi7,2022-01-06 19:50:24
nvidia/cuda,8.0-cudnn6-devel-ubuntu14.04,2019-08-27 01:07:45
nvidia/cuda,8.0-cudnn6-devel-ubuntu16.04,2022-01-06 19:39:27
nvidia/cuda,8.0-cudnn6-runtime,2021-06-05 02:40:54
nvidia/cuda,8.0-cudnn6-runtime-centos6,2019-11-27 21:22:32
nvidia/cuda,8.0-cudnn6-runtime-centos7,2022-04-03 20:08:09
nvidia/cuda,8.0-cudnn6-runtime-ubi7,2022-01-06 19:51:38
nvidia/cuda,8.0-cudnn6-runtime-ubuntu14.04,2019-08-27 01:08:18
nvidia/cuda,8.0-cudnn6-runtime-ubuntu16.04,2022-01-06 19:39:39
nvidia/cuda,8.0-cudnn7-devel,2021-06-05 02:39:27
nvidia/cuda,8.0-cudnn7-devel-centos6,2019-11-27 21:22:14
nvidia/cuda,8.0-cudnn7-devel-centos7,2022-04-03 19:59:21
nvidia/cuda,8.0-cudnn7-devel-ubi7,2022-01-06 19:46:25
nvidia/cuda,8.0-cudnn7-devel-ubuntu14.04,2019-08-27 01:08:05
nvidia/cuda,8.0-cudnn7-devel-ubuntu16.04,2022-01-06 19:38:47
nvidia/cuda,8.0-cudnn7-runtime,2021-06-05 02:39:15
nvidia/cuda,8.0-cudnn7-runtime-centos6,2019-11-27 21:22:50
nvidia/cuda,8.0-cudnn7-runtime-centos7,2022-04-03 20:00:27
nvidia/cuda,8.0-cudnn7-runtime-ubi7,2022-01-06 19:47:46
nvidia/cuda,8.0-cudnn7-runtime-ubuntu14.04,2019-08-27 01:08:30
nvidia/cuda,8.0-cudnn7-runtime-ubuntu16.04,2022-01-06 19:38:56
nvidia/cuda,8.0-devel,2021-06-05 02:42:31
nvidia/cuda,8.0-devel-centos6,2019-11-27 21:22:52
nvidia/cuda,8.0-devel-centos7,2022-04-03 20:10:36
nvidia/cuda,8.0-devel-ubi7,2022-01-06 19:52:11
nvidia/cuda,8.0-devel-ubuntu14.04,2019-08-27 01:08:31
nvidia/cuda,8.0-devel-ubuntu16.04,2022-01-06 19:40:10
nvidia/cuda,8.0-runtime,2021-06-05 02:41:47
nvidia/cuda,8.0-runtime-centos6,2019-11-27 21:22:53
nvidia/cuda,8.0-runtime-centos7,2022-04-03 20:10:02
nvidia/cuda,8.0-runtime-ubi7,2022-01-06 19:51:56
nvidia/cuda,8.0-runtime-ubuntu14.04,2019-08-27 01:08:33
nvidia/cuda,8.0-runtime-ubuntu16.04,2022-01-06 19:39:55
nvidia/cuda,9.0-base,2021-07-02 07:17:08
nvidia/cuda,9.0-base-centos6,2020-10-03 05:00:32
nvidia/cuda,9.0-base-centos7,2022-01-06 20:32:58
nvidia/cuda,9.0-base-ubi7,2022-01-06 20:45:13
nvidia/cuda,9.0-base-ubuntu16.04,2022-01-06 20:54:57
nvidia/cuda,9.0-base-ubuntu17.04,2018-01-04 18:01:52
nvidia/cuda,9.0-cudnn7-devel,2021-07-02 07:16:20
nvidia/cuda,9.0-cudnn7-devel-centos6,2020-10-03 04:58:18
nvidia/cuda,9.0-cudnn7-devel-centos7,2022-01-06 20:31:07
nvidia/cuda,9.0-cudnn7-devel-ubi7,2022-01-06 20:43:32
nvidia/cuda,9.0-cudnn7-devel-ubuntu16.04,2022-01-06 20:53:54
nvidia/cuda,9.0-cudnn7-runtime,2021-07-02 07:15:16
nvidia/cuda,9.0-cudnn7-runtime-centos6,2020-10-03 04:59:36
nvidia/cuda,9.0-cudnn7-runtime-centos7,2022-01-06 20:32:42
nvidia/cuda,9.0-cudnn7-runtime-ubi7,2022-01-06 20:44:58
nvidia/cuda,9.0-cudnn7-runtime-ubuntu16.04,2022-01-06 20:54:17
nvidia/cuda,9.0-devel,2021-07-02 07:18:31
nvidia/cuda,9.0-devel-centos6,2020-10-03 05:03:09
nvidia/cuda,9.0-devel-centos7,2022-01-06 20:33:28
nvidia/cuda,9.0-devel-ubi7,2022-01-06 20:45:47
nvidia/cuda,9.0-devel-ubuntu16.04,2022-01-06 20:57:55
nvidia/cuda,9.0-devel-ubuntu17.04,2018-01-04 18:03:23
nvidia/cuda,9.0-runtime,2021-07-02 07:17:45
nvidia/cuda,9.0-runtime-centos6,2020-10-03 05:01:30
nvidia/cuda,9.0-runtime-centos7,2022-01-06 20:33:13
nvidia/cuda,9.0-runtime-ubi7,2022-01-06 20:45:27
nvidia/cuda,9.0-runtime-ubuntu16.04,2022-01-06 20:57:20
nvidia/cuda,9.0-runtime-ubuntu17.04,2018-01-04 18:03:25
nvidia/cuda,9.1-base,2021-07-02 07:09:30
nvidia/cuda,9.1-base-centos6,2019-11-27 21:16:40
nvidia/cuda,9.1-base-centos7,2022-04-03 20:05:32
nvidia/cuda,9.1-base-ubi7,2022-04-03 19:54:39
nvidia/cuda,9.1-base-ubuntu16.04,2022-04-03 20:05:02
nvidia/cuda,9.1-base-ubuntu17.04,2018-01-04 17:58:45
nvidia/cuda,9.1-cudnn7-devel,2021-07-02 07:09:12
nvidia/cuda,9.1-cudnn7-devel-centos6,2019-11-27 21:15:22
nvidia/cuda,9.1-cudnn7-devel-centos7,2022-04-03 20:05:08
nvidia/cuda,9.1-cudnn7-devel-ubi7,2022-04-03 19:54:16
nvidia/cuda,9.1-cudnn7-devel-ubuntu16.04,2022-04-03 20:02:01
nvidia/cuda,9.1-cudnn7-runtime,2021-07-02 07:09:03
nvidia/cuda,9.1-cudnn7-runtime-centos6,2019-11-27 21:16:35
nvidia/cuda,9.1-cudnn7-runtime-centos7,2022-04-03 20:05:17
nvidia/cuda,9.1-cudnn7-runtime-ubi7,2022-04-03 19:54:24
nvidia/cuda,9.1-cudnn7-runtime-ubuntu16.04,2022-04-03 20:04:28
nvidia/cuda,9.1-devel,2021-07-02 07:10:58
nvidia/cuda,9.1-devel-centos6,2019-11-27 21:16:37
nvidia/cuda,9.1-devel-centos7,2022-04-03 20:06:03
nvidia/cuda,9.1-devel-ubi7,2022-04-03 19:56:11
nvidia/cuda,9.1-devel-ubuntu16.04,2022-04-03 20:05:40
nvidia/cuda,9.1-devel-ubuntu17.04,2018-01-04 18:00:44
nvidia/cuda,9.1-runtime,2021-07-02 07:10:31
nvidia/cuda,9.1-runtime-centos6,2019-11-27 21:16:38
nvidia/cuda,9.1-runtime-centos7,2022-04-03 20:05:48
nvidia/cuda,9.1-runtime-ubi7,2022-04-03 19:55:46
nvidia/cuda,9.1-runtime-ubuntu16.04,2022-04-03 20:05:24
nvidia/cuda,9.1-runtime-ubuntu17.04,2018-01-04 18:00:46
nvidia/cuda,9.2-base,2021-07-02 07:15:52
nvidia/cuda,9.2-base-centos6,2019-05-30 23:03:08
nvidia/cuda,9.2-base-centos7,2022-01-06 20:42:18
nvidia/cuda,9.2-base-ubi7,2022-01-06 20:56:10
nvidia/cuda,9.2-base-ubuntu16.04,2022-01-06 20:40:09
nvidia/cuda,9.2-base-ubuntu18.04,2022-01-06 20:52:04
nvidia/cuda,9.2-cudnn7-devel,2021-07-02 07:14:50
nvidia/cuda,9.2-cudnn7-devel-centos6,2019-05-30 22:44:00
nvidia/cuda,9.2-cudnn7-devel-centos7,2022-01-06 20:41:48
nvidia/cuda,9.2-cudnn7-devel-ubi7,2022-01-06 20:54:49
nvidia/cuda,9.2-cudnn7-devel-ubuntu16.04,2022-01-06 20:39:55
nvidia/cuda,9.2-cudnn7-devel-ubuntu18.04,2022-01-06 20:51:47
nvidia/cuda,9.2-cudnn7-runtime,2021-07-02 07:14:25
nvidia/cuda,9.2-cudnn7-runtime-centos6,2019-05-30 22:53:37
nvidia/cuda,9.2-cudnn7-runtime-centos7,2022-01-06 20:42:03
nvidia/cuda,9.2-cudnn7-runtime-ubi7,2022-01-06 20:55:26
nvidia/cuda,9.2-cudnn7-runtime-ubuntu16.04,2022-01-06 20:40:00
nvidia/cuda,9.2-cudnn7-runtime-ubuntu18.04,2022-01-06 20:51:57
nvidia/cuda,9.2-devel,2021-07-02 07:17:03
nvidia/cuda,9.2-devel-centos6,2019-05-30 22:58:42
nvidia/cuda,9.2-devel-centos7,2022-01-06 20:43:29
nvidia/cuda,9.2-devel-ubi7,2022-01-06 20:58:17
nvidia/cuda,9.2-devel-ubuntu16.04,2022-01-06 20:40:18
nvidia/cuda,9.2-devel-ubuntu18.04,2022-01-06 20:53:00
nvidia/cuda,9.2-runtime,2021-07-02 07:16:37
nvidia/cuda,9.2-runtime-centos6,2019-05-30 23:01:49
nvidia/cuda,9.2-runtime-centos7,2022-01-06 20:42:33
nvidia/cuda,9.2-runtime-ubi7,2022-01-06 20:57:06
nvidia/cuda,9.2-runtime-ubuntu16.04,2022-01-06 20:40:13
nvidia/cuda,9.2-runtime-ubuntu18.04,2022-01-06 20:52:11
